{"stats":{"minecraft:picked_up":{"minecraft:black_carpet":1,"securitycraft:keypad_item":4,"minecraft:chainmail_boots":3,"securitycraft:taser":1,"minecraft:lead":12,"minecraft:diamond_sword":2,"minecraft:oak_stairs":1,"minecraft:potion":2,"minecraft:enchanted_book":2,"minecraft:stone_brick_stairs":3,"minecraft:amethyst_block":24,"minecraft:string":38,"minecraft:beetroot":2,"minecraft:sea_pickle":2,"minecraft:cobbled_deepslate":32,"securitycraft:wire_cutters":1,"minecraft:gold_nugget":36,"minecraft:bucket":1,"minecraft:spruce_planks":8,"minecraft:white_tulip":4,"minecraft:calcite":12,"minecraft:iron_pickaxe":4,"minecraft:furnace":1,"minecraft:tipped_arrow":8,"minecraft:stick":8,"minecraft:oak_fence":15,"minecraft:torch":84,"minecraft:spruce_stairs":4,"minecraft:porkchop":19,"tombstone:grave_dust":12,"minecraft:diorite":5,"minecraft:golden_chestplate":3,"minecraft:brown_carpet":2,"minecraft:quartz_block":2,"minecraft:rotten_flesh":34,"minecraft:bookshelf":27,"minecraft:iron_bars":19,"minecraft:snowball":52,"minecraft:cobblestone":52,"minecraft:birch_log":9,"minecraft:enchanting_table":3,"minecraft:feather":4,"minecraft:cooked_beef":5,"minecraft:warped_fungus_on_a_stick":1,"minecraft:iron_door":1,"minecraft:potato":1,"minecraft:tuff":4,"minecraft:lantern":6,"minecraft:lapis_lazuli":11,"minecraft:stripped_birch_log":3,"minecraft:dirt":243,"minecraft:polished_granite":3,"minecraft:bone":51,"minecraft:bow":8,"minecraft:orange_tulip":4,"minecraft:wheat_seeds":26,"minecraft:mossy_stone_bricks":22,"minecraft:glowstone_dust":8,"minecraft:oak_planks":8,"minecraft:mossy_stone_brick_stairs":2,"securitycraft:mine":4,"minecraft:cooked_porkchop":6,"minecraft:music_disc_13":1,"minecraft:sand":28,"minecraft:stripped_spruce_log":1,"minecraft:mossy_cobblestone":22,"minecraft:light_blue_terracotta":1,"minecraft:diamond":1,"minecraft:spruce_boat":2,"minecraft:cracked_polished_blackstone_bricks":35,"minecraft:crossbow":2,"minecraft:granite":3,"minecraft:grass":1,"minecraft:golden_apple":2,"minecraft:white_concrete":1,"minecraft:spruce_sign":1,"minecraft:oak_sapling":2,"minecraft:netherrack":121,"minecraft:crimson_roots":5,"minecraft:allium":9,"minecraft:azure_bluet":3,"minecraft:chicken":4,"minecraft:clay_ball":120,"minecraft:gold_block":1,"usefulbackpacks:backpack_medium":3,"minecraft:shield":1,"minecraft:cornflower":6,"minecraft:blackstone":11,"minecraft:cyan_carpet":2,"minecraft:cracked_stone_bricks":18,"minecraft:beef":65,"minecraft:poppy":4,"minecraft:light_gray_wool":4,"minecraft:minecart":1,"minecraft:sugar_cane":10,"minecraft:chest":1,"minecraft:egg":5,"minecraft:raw_iron":28,"minecraft:bowl":2,"minecraft:spruce_fence":2,"minecraft:polished_blackstone_bricks":57,"minecraft:redstone":48,"minecraft:stone_pressure_plate":1,"minecraft:arrow":54,"minecraft:beetroot_seeds":4,"minecraft:hay_block":18,"minecraft:pink_tulip":5,"minecraft:saddle":2,"minecraft:gold_ingot":4,"minecraft:mutton":15,"minecraft:white_wool":14,"minecraft:bone_block":2,"minecraft:oxeye_daisy":3,"minecraft:stripped_oak_log":4,"minecraft:basalt":24,"minecraft:glow_ink_sac":10,"minecraft:crimson_stem":50,"minecraft:salmon":3,"minecraft:leather":30,"securitycraft:sc_manual":1,"minecraft:oak_log":13,"minecraft:cobblestone_stairs":1,"minecraft:nether_wart_block":6,"minecraft:gunpowder":1,"minecraft:white_banner":1,"minecraft:stone_bricks":10,"minecraft:kelp":7,"minecraft:oak_fence_gate":1,"minecraft:iron_ingot":20,"tombstone:bag_of_seeds":1,"minecraft:glass_bottle":3,"minecraft:iron_sword":1,"minecraft:book":114,"minecraft:scaffolding":2,"minecraft:smooth_basalt":5,"minecraft:emerald_block":1,"minecraft:sweet_berries":11,"minecraft:quartz":5,"minecraft:dandelion":2,"minecraft:amethyst_shard":64,"minecraft:spruce_sapling":3,"minecraft:blast_furnace":1,"minecraft:spruce_log":55,"minecraft:crying_obsidian":3,"minecraft:spider_eye":11,"usefulbackpacks:backpack_large":2,"minecraft:oak_wood":1,"minecraft:pumpkin_seeds":3,"minecraft:diamond_shovel":1,"minecraft:iron_helmet":3,"minecraft:mossy_cobblestone_stairs":4,"minecraft:gray_wool":1,"minecraft:baked_potato":2,"minecraft:coal":73,"minecraft:ender_pearl":1},"minecraft:killed_by":{"minecraft:zombie":1},"minecraft:broken":{"minecraft:golden_boots":1,"minecraft:iron_chestplate":1,"minecraft:iron_leggings":1,"minecraft:stone_axe":1,"minecraft:golden_chestplate":1,"minecraft:iron_pickaxe":2,"minecraft:iron_helmet":4},"minecraft:used":{"handcrafted:goat_trophy":1,"minecraft:bone_block":2,"minecraft:chest":3,"minecraft:shield":37,"minecraft:iron_sword":124,"handcrafted:stackable_book":4,"minecraft:iron_chestplate":3,"securitycraft:keypad_item":3,"minecraft:carrot":2,"minecraft:tuff":4,"minecraft:music_disc_13":1,"minecraft:spruce_boat":3,"minecraft:lava_bucket":1,"minecraft:lantern":4,"minecraft:iron_helmet":5,"minecraft:crimson_roots":3,"minecraft:stone_brick_stairs":1,"minecraft:stone_bricks":1,"minecraft:bow":43,"minecraft:sweet_berries":3,"minecraft:scaffolding":2,"minecraft:furnace":2,"minecraft:beetroot_seeds":1,"minecraft:egg":5,"minecraft:potato":3,"securitycraft:wire_cutters":8,"minecraft:golden_boots":1,"minecraft:oak_planks":4,"minecraft:blast_furnace":1,"minecraft:crossbow":34,"minecraft:shears":1,"minecraft:firework_rocket":3,"minecraft:bread":40,"minecraft:string":2,"minecraft:polished_granite":3,"securitycraft:mine":2,"minecraft:nether_wart_block":6,"minecraft:diamond_sword":1516,"minecraft:chainmail_boots":3,"minecraft:oak_boat":1,"minecraft:oak_fence":24,"minecraft:enchanting_table":1,"minecraft:spruce_planks":64,"minecraft:netherrack":76,"minecraft:torch":146,"minecraft:spyglass":3,"minecraft:dirt":253,"minecraft:anvil":1,"minecraft:golden_chestplate":2,"minecraft:oak_fence_gate":2,"minecraft:bookshelf":16,"minecraft:iron_boots":4,"minecraft:crimson_planks":3,"minecraft:smooth_basalt":2,"minecraft:light_gray_wool":1,"minecraft:basalt":17,"minecraft:golden_carrot":8,"tombstone:gift":10,"minecraft:cooked_beef":24,"minecraft:cobbled_deepslate":10,"minecraft:iron_leggings":5,"minecraft:cooked_mutton":12,"minecraft:water_bucket":4,"minecraft:baked_potato":99,"minecraft:polished_blackstone_bricks":14,"minecraft:crafting_table":6,"tombstone:bag_of_seeds":2,"minecraft:apple":5,"minecraft:diamond_shovel":318,"minecraft:cracked_polished_blackstone_bricks":6,"minecraft:iron_pickaxe":760,"minecraft:stone_axe":221,"minecraft:cobblestone":75,"minecraft:potion":3,"minecraft:cooked_porkchop":11,"minecraft:bucket":6,"minecraft:chainmail_leggings":1},"minecraft:mined":{"securitycraft:mine":1,"minecraft:large_amethyst_bud":2,"minecraft:stone_pressure_plate":1,"minecraft:spruce_planks":8,"minecraft:cobblestone_stairs":1,"minecraft:sculk_vein":3,"minecraft:granite":3,"minecraft:budding_amethyst":5,"minecraft:grass_block":124,"minecraft:cracked_polished_blackstone_bricks":31,"minecraft:white_concrete":1,"minecraft:oxeye_daisy":3,"minecraft:spawner":15,"minecraft:polished_blackstone_bricks":53,"minecraft:magma_block":2,"minecraft:glowstone":3,"minecraft:mossy_cobblestone_stairs":4,"minecraft:iron_ore":13,"minecraft:fire":2,"minecraft:azure_bluet":3,"minecraft:enchanting_table":3,"minecraft:dirt_path":5,"minecraft:oak_stairs":1,"minecraft:iron_bars":21,"minecraft:pink_tulip":5,"minecraft:tripwire":2,"minecraft:deepslate_redstone_ore":10,"minecraft:quartz_block":3,"minecraft:blackstone":15,"minecraft:kelp_plant":2,"minecraft:crimson_nylium":10,"minecraft:medium_amethyst_bud":2,"minecraft:amethyst_cluster":15,"minecraft:powder_snow":7,"minecraft:clay":30,"minecraft:torch":2,"minecraft:blast_furnace":1,"minecraft:calcite":12,"minecraft:poppy":3,"minecraft:mushroom_stem":1,"minecraft:nether_quartz_ore":5,"minecraft:cobblestone":4,"minecraft:sugar_cane":4,"minecraft:oak_planks":9,"minecraft:iron_door":1,"minecraft:wall_torch":1,"minecraft:amethyst_block":24,"minecraft:blue_terracotta":1,"minecraft:nether_wart_block":7,"minecraft:birch_log":10,"minecraft:light_gray_wool":4,"minecraft:orange_tulip":4,"minecraft:stone_brick_stairs":4,"minecraft:grass":203,"minecraft:oak_log":13,"minecraft:beetroots":2,"minecraft:oak_fence_gate":1,"minecraft:sand":51,"minecraft:dirt":89,"minecraft:red_mushroom_block":1,"minecraft:smooth_basalt":6,"minecraft:netherrack":158,"minecraft:oak_leaves":42,"minecraft:deepslate":30,"minecraft:emerald_block":1,"minecraft:nether_gold_ore":17,"minecraft:tuff":4,"minecraft:mossy_cobblestone":18,"minecraft:stripped_birch_log":3,"minecraft:allium":9,"minecraft:spruce_fence":2,"minecraft:crimson_roots":5,"minecraft:redstone_wire":3,"minecraft:spruce_leaves":25,"minecraft:crimson_stem":50,"minecraft:hay_block":18,"minecraft:furnace":1,"minecraft:snow":6,"minecraft:stripped_spruce_log":1,"minecraft:gold_block":1,"minecraft:mossy_stone_brick_stairs":2,"minecraft:bookshelf":38,"minecraft:deepslate_iron_ore":9,"minecraft:vine":2,"minecraft:lantern":1,"minecraft:stripped_oak_log":4,"minecraft:stone":51,"minecraft:white_tulip":4,"minecraft:bone_block":2,"minecraft:white_wool":1,"minecraft:scaffolding":2,"minecraft:snow_block":11,"minecraft:brown_carpet":1,"minecraft:basalt":25,"minecraft:dandelion":3,"minecraft:polished_granite":3,"minecraft:oak_fence":14,"minecraft:cornflower":6,"minecraft:oak_wood":1,"minecraft:sculk_sensor":1,"minecraft:tall_grass":22,"minecraft:sculk":14,"minecraft:spruce_log":52,"minecraft:birch_leaves":6,"minecraft:coal_ore":72,"minecraft:cracked_stone_bricks":20,"minecraft:stone_bricks":9,"minecraft:mossy_stone_bricks":20},"minecraft:custom":{"minecraft:animals_bred":60,"minecraft:interact_with_crafting_table":83,"minecraft:open_barrel":3,"goblintraders:trade_with_goblin":22,"minecraft:bell_ring":1,"minecraft:eat_cake_slice":7,"minecraft:leave_game":89,"minecraft:time_since_death":18614,"minecraft:sprint_one_cm":118735,"minecraft:damage_blocked_by_shield":1480,"minecraft:drop":101,"minecraft:talked_to_villager":22,"minecraft:play_time":1007192,"minecraft:deaths":17,"minecraft:jump":3947,"minecraft:interact_with_brewingstand":1,"minecraft:walk_on_water_one_cm":59989,"minecraft:enchant_item":10,"minecraft:interact_with_furnace":75,"minecraft:play_record":1,"minecraft:traded_with_villager":1,"minecraft:interact_with_cartography_table":4,"minecraft:interact_with_loom":1,"minecraft:sleep_in_bed":13,"minecraft:damage_dealt":24183,"minecraft:crouch_one_cm":29612,"tombstone:undead_killed":63,"minecraft:interact_with_smoker":1,"minecraft:inspect_dispenser":2,"minecraft:horse_one_cm":333448,"minecraft:interact_with_smithing_table":3,"minecraft:interact_with_anvil":22,"minecraft:mob_kills":188,"minecraft:inspect_hopper":1,"minecraft:climb_one_cm":9580,"minecraft:walk_one_cm":3824592,"minecraft:strider_one_cm":34228,"minecraft:sneak_time":10015,"minecraft:walk_under_water_one_cm":28122,"minecraft:boat_one_cm":221963,"minecraft:interact_with_lectern":2,"minecraft:interact_with_blast_furnace":15,"minecraft:total_world_time":1007192,"tombstone:raider_killed":14,"minecraft:raid_trigger":1,"minecraft:interact_with_stonecutter":5,"minecraft:time_since_rest":17365,"minecraft:damage_taken":18947,"minecraft:swim_one_cm":1697,"minecraft:fly_one_cm":48565,"minecraft:open_chest":484,"minecraft:fall_one_cm":64794},"minecraft:crafted":{"minecraft:oak_planks":66,"minecraft:cooked_chicken":3,"usefulbackpacks:backpack_small":1,"securitycraft:wire_cutters":1,"minecraft:stone":4,"securitycraft:keypad_item":2,"minecraft:bookshelf":36,"minecraft:heavy_weighted_pressure_plate":2,"minecraft:cooked_mutton":12,"minecraft:bow":1,"minecraft:iron_boots":2,"minecraft:chest":3,"handcrafted:goat_trophy":1,"minecraft:oak_fence":12,"minecraft:golden_boots":1,"minecraft:emerald":9,"minecraft:cooked_porkchop":10,"minecraft:crafting_table":6,"minecraft:spruce_planks":220,"securitycraft:reinforced_stone_button":16,"minecraft:iron_helmet":1,"minecraft:baked_potato":95,"minecraft:birch_planks":48,"minecraft:spectral_arrow":2,"minecraft:iron_chestplate":2,"minecraft:diamond_pickaxe":1,"minecraft:stick":32,"usefulbackpacks:backpack_large":1,"minecraft:iron_ingot":47,"minecraft:iron_pickaxe":2,"minecraft:iron_block":1,"minecraft:gold_ingot":2,"minecraft:furnace":1,"minecraft:stone_button":1,"minecraft:filled_map":1,"usefulbackpacks:backpack_medium":1,"minecraft:spruce_boat":1,"minecraft:dark_oak_planks":16,"handcrafted:stackable_book":4,"minecraft:wheat":54,"minecraft:cooked_beef":44,"minecraft:crimson_planks":112,"minecraft:iron_sword":1,"minecraft:cooked_salmon":6,"securitycraft:taser":1,"minecraft:bucket":1,"minecraft:stone_axe":1,"securitycraft:reinforced_stone":26,"minecraft:oak_fence_gate":1,"minecraft:oak_boat":1,"minecraft:iron_leggings":1,"minecraft:anvil":1,"minecraft:torch":56,"minecraft:clay":1,"tombstone:bone_needle":1},"minecraft:killed":{"minecraft:spider":24,"minecraft:skeleton":27,"minecraft:chicken":3,"minecraft:piglin_brute":1,"minecraft:piglin":3,"minecraft:pig":8,"minecraft:zombie_villager":1,"minecraft:salmon":3,"minecraft:creeper":2,"minecraft:sheep":12,"minecraft:pillager":12,"minecraft:zombie":26,"minecraft:stray":8,"minecraft:cow":28,"minecraft:drowned":1,"minecraft:bat":1,"minecraft:hoglin":2},"minecraft:dropped":{"minecraft:iron_sword":1,"minecraft:cooked_beef":19,"minecraft:baked_potato":8,"minecraft:glow_ink_sac":1,"minecraft:ender_pearl":1,"minecraft:cooked_porkchop":9,"minecraft:crossbow":1,"minecraft:leather":6,"minecraft:saddle":1,"minecraft:flint":2,"minecraft:bone_block":1,"minecraft:iron_pickaxe":3,"minecraft:cyan_carpet":1,"usefulbackpacks:backpack_large":2,"minecraft:cooked_chicken":3,"minecraft:golden_chestplate":1,"minecraft:beetroot":2,"minecraft:rotten_flesh":1,"securitycraft:taser":1,"minecraft:diamond_shovel":1,"minecraft:cooked_mutton":3,"minecraft:carrot":3,"minecraft:beetroot_seeds":1,"minecraft:chainmail_boots":2,"minecraft:basalt":2,"minecraft:enchanting_table":1,"minecraft:iron_ingot":3,"minecraft:bread":18,"usefulbackpacks:backpack_medium":3,"minecraft:bookshelf":47,"minecraft:iron_helmet":1,"minecraft:apple":11,"minecraft:chainmail_helmet":2,"minecraft:stick":4,"minecraft:leather_horse_armor":1,"minecraft:torch":129,"minecraft:map":2,"securitycraft:wire_cutters":1,"tombstone:grave_dust":1,"minecraft:potion":2,"securitycraft:sc_manual":1,"minecraft:string":1,"minecraft:bucket":1,"minecraft:diamond_sword":2,"minecraft:shield":1,"minecraft:bow":3}},"DataVersion":3465}