{"stats":{"minecraft:broken":{"minecraft:golden_boots":1,"minecraft:iron_boots":1,"minecraft:iron_chestplate":1,"minecraft:iron_leggings":1,"minecraft:stone_axe":1,"minecraft:golden_chestplate":1,"minecraft:iron_pickaxe":2,"minecraft:iron_helmet":6},"minecraft:used":{"handcrafted:goat_trophy":1,"minecraft:bone_block":2,"minecraft:chest":6,"minecraft:shield":65,"minecraft:stone":14,"minecraft:iron_sword":124,"handcrafted:stackable_book":4,"minecraft:iron_chestplate":3,"securitycraft:keypad_item":7,"minecraft:nether_bricks":1,"minecraft:carrot":2,"minecraft:tuff":4,"minecraft:music_disc_13":1,"minecraft:spruce_boat":3,"minecraft:lava_bucket":1,"minecraft:lantern":4,"minecraft:quartz_block":5,"minecraft:iron_helmet":19,"minecraft:crimson_roots":3,"minecraft:stone_brick_stairs":1,"minecraft:stone_bricks":1,"minecraft:bow":105,"minecraft:sweet_berries":3,"minecraft:scaffolding":2,"minecraft:furnace":2,"minecraft:beetroot_seeds":1,"minecraft:egg":12,"minecraft:potato":3,"securitycraft:wire_cutters":11,"minecraft:golden_boots":1,"minecraft:mossy_stone_bricks":15,"minecraft:diamond_boots":1,"minecraft:oak_planks":4,"minecraft:ender_pearl":1,"minecraft:clay":1,"minecraft:golden_apple":1,"tombstone:dust_of_vanishing":1,"minecraft:blast_furnace":1,"minecraft:crossbow":34,"minecraft:shears":1,"minecraft:firework_rocket":3,"minecraft:bread":61,"minecraft:string":3,"minecraft:polished_granite":3,"minecraft:gravel":1,"minecraft:golden_helmet":12,"securitycraft:mine":2,"minecraft:nether_wart_block":6,"minecraft:diamond_sword":2319,"minecraft:chainmail_boots":3,"minecraft:cooked_rabbit":2,"minecraft:oak_boat":1,"minecraft:oak_fence":24,"minecraft:enchanting_table":1,"minecraft:spruce_planks":64,"minecraft:cooked_chicken":1,"minecraft:netherrack":76,"minecraft:torch":407,"minecraft:spyglass":3,"minecraft:dirt":253,"minecraft:anvil":1,"minecraft:golden_chestplate":2,"minecraft:oak_fence_gate":2,"minecraft:bookshelf":16,"minecraft:iron_boots":6,"minecraft:crimson_planks":3,"minecraft:smooth_basalt":2,"minecraft:light_gray_wool":1,"minecraft:basalt":17,"minecraft:golden_carrot":8,"tombstone:gift":16,"minecraft:cooked_beef":60,"minecraft:cobbled_deepslate":10,"minecraft:iron_leggings":5,"minecraft:calcite":12,"minecraft:cooked_mutton":21,"minecraft:water_bucket":8,"minecraft:baked_potato":132,"minecraft:cracked_stone_bricks":5,"minecraft:polished_blackstone_bricks":36,"minecraft:crafting_table":6,"tombstone:bag_of_seeds":8,"minecraft:diamond_pickaxe":8,"minecraft:apple":20,"minecraft:diamond_shovel":326,"minecraft:cracked_polished_blackstone_bricks":6,"minecraft:iron_pickaxe":1310,"minecraft:stone_axe":221,"minecraft:chiseled_stone_bricks":1,"minecraft:cobblestone":227,"minecraft:potion":3,"minecraft:cooked_porkchop":28,"minecraft:bucket":10,"minecraft:chainmail_leggings":1},"minecraft:killed":{"minecraft:spider":34,"minecraft:skeleton":45,"minecraft:chicken":4,"minecraft:silverfish":14,"creeperoverhaul:cave_creeper":1,"minecraft:piglin_brute":1,"minecraft:piglin":3,"minecraft:pig":8,"minecraft:zombie_villager":1,"minecraft:salmon":3,"minecraft:creeper":3,"minecraft:sheep":13,"minecraft:pillager":12,"minecraft:zombie":72,"minecraft:stray":13,"minecraft:cow":33,"minecraft:drowned":1,"minecraft:bat":1,"minecraft:hoglin":2,"minecraft:enderman":3},"minecraft:picked_up":{"minecraft:black_carpet":1,"securitycraft:keypad_item":7,"minecraft:redstone_block":2,"minecraft:chainmail_boots":3,"securitycraft:taser":1,"minecraft:lead":12,"minecraft:diamond_sword":2,"minecraft:oak_stairs":1,"minecraft:potion":2,"minecraft:enchanted_book":2,"minecraft:stone_brick_stairs":6,"minecraft:amethyst_block":24,"minecraft:string":46,"minecraft:red_nether_bricks":2,"minecraft:beetroot":2,"minecraft:sea_pickle":2,"minecraft:cobbled_deepslate":80,"securitycraft:wire_cutters":1,"minecraft:gold_nugget":36,"minecraft:bucket":1,"minecraft:spruce_planks":8,"minecraft:white_tulip":4,"minecraft:calcite":12,"minecraft:azalea":2,"minecraft:iron_pickaxe":4,"minecraft:iron_boots":1,"minecraft:furnace":1,"minecraft:tipped_arrow":11,"minecraft:golden_helmet":2,"minecraft:stick":8,"minecraft:oak_fence":16,"minecraft:torch":168,"minecraft:spruce_stairs":4,"minecraft:porkchop":19,"tombstone:grave_dust":20,"minecraft:diorite":17,"minecraft:golden_chestplate":3,"minecraft:brown_carpet":2,"minecraft:quartz_block":16,"minecraft:rotten_flesh":85,"minecraft:bookshelf":27,"minecraft:obsidian":4,"minecraft:iron_bars":43,"minecraft:snowball":52,"minecraft:cobblestone":152,"minecraft:birch_log":9,"minecraft:enchanting_table":3,"minecraft:leather_chestplate":1,"minecraft:feather":16,"minecraft:cooked_beef":6,"minecraft:warped_fungus_on_a_stick":1,"minecraft:iron_door":1,"minecraft:water_bucket":2,"minecraft:potato":1,"minecraft:flint":1,"minecraft:tuff":7,"minecraft:lapis_lazuli":35,"minecraft:stripped_birch_log":3,"minecraft:dirt":243,"minecraft:lantern":6,"minecraft:polished_granite":3,"minecraft:bone":80,"minecraft:bow":13,"minecraft:wheat_seeds":29,"minecraft:orange_tulip":4,"minecraft:mossy_stone_bricks":62,"minecraft:glowstone_dust":8,"minecraft:pitcher_pod":3,"minecraft:oak_planks":9,"minecraft:mossy_stone_brick_stairs":13,"securitycraft:mine":4,"minecraft:cooked_porkchop":6,"minecraft:music_disc_13":1,"minecraft:sand":28,"minecraft:stripped_spruce_log":1,"minecraft:nether_brick_stairs":5,"minecraft:dark_oak_log":1,"minecraft:mossy_cobblestone":59,"minecraft:bundle":3,"minecraft:light_blue_terracotta":1,"minecraft:diamond":7,"minecraft:spruce_boat":2,"minecraft:cracked_polished_blackstone_bricks":35,"minecraft:crossbow":2,"minecraft:granite":3,"minecraft:grass":1,"minecraft:golden_apple":2,"minecraft:white_concrete":1,"minecraft:spruce_sign":1,"minecraft:oak_sapling":2,"minecraft:netherrack":126,"minecraft:bricks":3,"minecraft:crimson_roots":5,"minecraft:diamond_pickaxe":1,"tombstone:dust_of_vanishing":1,"minecraft:allium":9,"minecraft:azure_bluet":3,"minecraft:chicken":5,"minecraft:clay_ball":143,"minecraft:leather_leggings":1,"minecraft:wooden_pickaxe":1,"minecraft:gold_block":1,"usefulbackpacks:backpack_medium":3,"minecraft:shield":1,"minecraft:cornflower":6,"minecraft:iron_axe":1,"minecraft:blackstone":11,"minecraft:cyan_carpet":2,"minecraft:cracked_stone_bricks":44,"minecraft:beef":76,"minecraft:poppy":4,"minecraft:light_gray_wool":4,"minecraft:minecart":1,"minecraft:sugar_cane":10,"minecraft:chest":1,"minecraft:egg":13,"minecraft:raw_iron":53,"minecraft:stone":11,"minecraft:bowl":2,"minecraft:spruce_fence":2,"minecraft:polished_blackstone_bricks":60,"minecraft:redstone":48,"minecraft:stone_pressure_plate":1,"minecraft:arrow":80,"minecraft:beetroot_seeds":4,"minecraft:nether_bricks":14,"minecraft:diamond_boots":2,"minecraft:hay_block":18,"minecraft:pink_tulip":5,"minecraft:saddle":2,"minecraft:gold_ingot":4,"minecraft:mutton":16,"minecraft:rail":1,"minecraft:bone_block":2,"minecraft:white_wool":15,"minecraft:oxeye_daisy":3,"minecraft:stripped_oak_log":4,"minecraft:basalt":24,"minecraft:glow_ink_sac":10,"minecraft:crimson_stem":50,"minecraft:salmon":3,"minecraft:leather":37,"minecraft:filled_map":1,"securitycraft:sc_manual":1,"minecraft:oak_log":13,"minecraft:nether_wart_block":6,"minecraft:gunpowder":4,"minecraft:cobblestone_stairs":1,"minecraft:white_banner":1,"minecraft:stone_bricks":19,"minecraft:kelp":7,"minecraft:iron_ingot":21,"minecraft:oak_fence_gate":1,"tombstone:bag_of_seeds":4,"minecraft:glass_bottle":3,"minecraft:iron_sword":1,"minecraft:soul_sand":1,"minecraft:book":117,"minecraft:scaffolding":2,"minecraft:smooth_basalt":5,"minecraft:emerald_block":1,"minecraft:pitcher_plant":1,"minecraft:sweet_berries":11,"minecraft:chiseled_stone_bricks":3,"minecraft:quartz":5,"minecraft:dandelion":2,"minecraft:gravel":8,"minecraft:amethyst_shard":64,"minecraft:spruce_sapling":3,"minecraft:blast_furnace":1,"minecraft:spruce_log":55,"minecraft:crying_obsidian":3,"minecraft:spider_eye":11,"usefulbackpacks:backpack_large":4,"minecraft:leather_helmet":1,"minecraft:oak_wood":1,"minecraft:diamond_shovel":1,"minecraft:pumpkin_seeds":3,"minecraft:chainmail_leggings":1,"minecraft:iron_helmet":3,"minecraft:mossy_cobblestone_stairs":5,"minecraft:gray_wool":1,"minecraft:baked_potato":2,"tombstone:magic_scroll":1,"minecraft:coal":102,"minecraft:ender_pearl":5},"minecraft:custom":{"minecraft:animals_bred":150,"minecraft:interact_with_crafting_table":105,"minecraft:open_barrel":3,"goblintraders:trade_with_goblin":25,"minecraft:bell_ring":1,"minecraft:eat_cake_slice":7,"minecraft:leave_game":94,"minecraft:time_since_death":357519,"minecraft:sprint_one_cm":320811,"minecraft:damage_blocked_by_shield":2830,"minecraft:drop":133,"minecraft:talked_to_villager":22,"minecraft:play_time":1346097,"minecraft:deaths":17,"minecraft:jump":5176,"minecraft:interact_with_brewingstand":1,"minecraft:walk_on_water_one_cm":94120,"minecraft:enchant_item":10,"minecraft:interact_with_furnace":117,"minecraft:play_record":1,"minecraft:traded_with_villager":1,"minecraft:interact_with_cartography_table":4,"minecraft:interact_with_loom":1,"minecraft:sleep_in_bed":15,"minecraft:damage_dealt":42907,"minecraft:crouch_one_cm":31248,"tombstone:undead_killed":132,"minecraft:interact_with_smoker":1,"minecraft:inspect_dispenser":2,"minecraft:horse_one_cm":333448,"minecraft:interact_with_smithing_table":3,"minecraft:interact_with_anvil":27,"minecraft:mob_kills":295,"minecraft:inspect_hopper":1,"tombstone:use_vanishing":1,"minecraft:climb_one_cm":35881,"minecraft:walk_one_cm":5386437,"minecraft:strider_one_cm":34228,"minecraft:sneak_time":11381,"minecraft:walk_under_water_one_cm":42634,"minecraft:boat_one_cm":221963,"minecraft:interact_with_lectern":2,"minecraft:interact_with_blast_furnace":16,"minecraft:total_world_time":1346097,"tombstone:raider_killed":14,"minecraft:raid_trigger":1,"minecraft:interact_with_stonecutter":5,"minecraft:time_since_rest":98880,"minecraft:damage_absorbed":40,"minecraft:damage_taken":28080,"minecraft:swim_one_cm":1697,"minecraft:fly_one_cm":76016,"minecraft:open_chest":836,"minecraft:fall_one_cm":94029},"minecraft:mined":{"minecraft:large_amethyst_bud":2,"securitycraft:mine":1,"minecraft:spruce_planks":8,"minecraft:stone_pressure_plate":1,"minecraft:cobblestone_stairs":1,"minecraft:sculk_vein":3,"minecraft:red_nether_bricks":2,"minecraft:obsidian":5,"minecraft:granite":3,"minecraft:budding_amethyst":5,"minecraft:grass_block":125,"minecraft:cracked_polished_blackstone_bricks":31,"minecraft:white_concrete":1,"minecraft:coal_block":1,"minecraft:oxeye_daisy":3,"minecraft:chiseled_stone_bricks":4,"minecraft:spawner":42,"minecraft:polished_blackstone_bricks":55,"minecraft:magma_block":2,"minecraft:glowstone":3,"minecraft:mossy_cobblestone_stairs":7,"minecraft:iron_ore":43,"minecraft:fire":2,"minecraft:azure_bluet":3,"minecraft:nether_brick_stairs":15,"minecraft:enchanting_table":3,"minecraft:dirt_path":5,"minecraft:oak_stairs":1,"minecraft:iron_bars":41,"minecraft:pink_tulip":5,"minecraft:azalea":2,"minecraft:tripwire":2,"minecraft:deepslate_redstone_ore":10,"minecraft:quartz_block":16,"minecraft:blackstone":15,"minecraft:kelp_plant":2,"minecraft:medium_amethyst_bud":2,"minecraft:crimson_nylium":10,"minecraft:amethyst_cluster":15,"minecraft:powder_snow":7,"minecraft:clay":33,"minecraft:torch":3,"minecraft:blast_furnace":1,"minecraft:calcite":12,"minecraft:poppy":3,"minecraft:mushroom_stem":1,"minecraft:nether_quartz_ore":5,"minecraft:cobblestone":11,"minecraft:oak_planks":9,"minecraft:sugar_cane":4,"minecraft:bricks":4,"minecraft:iron_door":1,"minecraft:wall_torch":10,"minecraft:amethyst_block":24,"minecraft:blue_terracotta":1,"minecraft:nether_wart_block":7,"minecraft:birch_log":10,"minecraft:light_gray_wool":4,"minecraft:orange_tulip":4,"minecraft:stone_brick_stairs":10,"minecraft:grass":231,"minecraft:infested_mossy_stone_bricks":1,"minecraft:oak_log":13,"minecraft:beetroots":2,"minecraft:oak_fence_gate":1,"minecraft:sand":51,"minecraft:dirt":89,"minecraft:smooth_basalt":6,"minecraft:red_mushroom_block":1,"minecraft:netherrack":165,"minecraft:oak_leaves":42,"minecraft:deepslate":80,"minecraft:emerald_block":1,"minecraft:diamond_ore":1,"minecraft:nether_gold_ore":17,"minecraft:tuff":9,"minecraft:mossy_cobblestone":66,"minecraft:stripped_birch_log":3,"minecraft:nether_bricks":23,"minecraft:allium":9,"minecraft:spruce_fence":2,"minecraft:crimson_roots":5,"minecraft:redstone_wire":3,"minecraft:spruce_leaves":25,"minecraft:crimson_stem":50,"minecraft:hay_block":18,"minecraft:furnace":1,"minecraft:snow":6,"minecraft:andesite":5,"minecraft:stripped_spruce_log":1,"minecraft:gold_block":1,"minecraft:mossy_stone_brick_stairs":14,"minecraft:bookshelf":39,"minecraft:deepslate_iron_ore":10,"minecraft:vine":35,"minecraft:lantern":1,"minecraft:stripped_oak_log":4,"minecraft:stone":157,"minecraft:white_tulip":4,"minecraft:bone_block":2,"minecraft:white_wool":1,"minecraft:scaffolding":2,"minecraft:redstone_block":2,"minecraft:soul_sand":1,"minecraft:snow_block":11,"minecraft:brown_carpet":1,"minecraft:basalt":25,"minecraft:dandelion":3,"minecraft:polished_granite":3,"minecraft:oak_fence":15,"minecraft:cornflower":6,"minecraft:oak_wood":1,"minecraft:sculk_sensor":1,"minecraft:tall_grass":24,"minecraft:lapis_ore":4,"minecraft:sculk":14,"minecraft:diorite":4,"minecraft:spruce_log":52,"minecraft:birch_leaves":6,"minecraft:coal_ore":93,"minecraft:gravel":8,"minecraft:cracked_stone_bricks":45,"minecraft:stone_bricks":22,"minecraft:mossy_stone_bricks":68},"minecraft:crafted":{"minecraft:oak_planks":70,"minecraft:cooked_chicken":5,"usefulbackpacks:backpack_small":1,"securitycraft:wire_cutters":1,"minecraft:stone":4,"securitycraft:keypad_item":2,"minecraft:bookshelf":36,"minecraft:heavy_weighted_pressure_plate":2,"minecraft:cooked_mutton":16,"minecraft:bow":1,"minecraft:iron_boots":2,"minecraft:chest":6,"handcrafted:goat_trophy":1,"minecraft:oak_fence":12,"minecraft:golden_boots":1,"minecraft:emerald":9,"minecraft:cooked_porkchop":24,"minecraft:crafting_table":6,"minecraft:spruce_planks":224,"securitycraft:reinforced_stone_button":16,"minecraft:iron_helmet":1,"minecraft:baked_potato":120,"minecraft:gold_block":1,"minecraft:birch_planks":48,"minecraft:spectral_arrow":2,"minecraft:iron_chestplate":2,"minecraft:diamond_pickaxe":1,"minecraft:stick":72,"minecraft:iron_pickaxe":2,"usefulbackpacks:backpack_large":1,"minecraft:iron_ingot":55,"minecraft:iron_block":12,"minecraft:gold_ingot":4,"tombstone:voodoo_poppet":1,"minecraft:furnace":1,"minecraft:stone_button":1,"minecraft:filled_map":1,"usefulbackpacks:backpack_medium":1,"minecraft:spruce_boat":1,"minecraft:redstone_block":5,"minecraft:dark_oak_planks":20,"handcrafted:stackable_book":4,"minecraft:wheat":135,"minecraft:cooked_beef":69,"minecraft:crimson_planks":112,"minecraft:iron_sword":1,"minecraft:cooked_salmon":6,"securitycraft:taser":1,"minecraft:bucket":1,"minecraft:dark_oak_button":1,"minecraft:stone_axe":1,"securitycraft:reinforced_stone":26,"minecraft:oak_boat":1,"minecraft:oak_fence_gate":1,"minecraft:iron_leggings":1,"minecraft:anvil":1,"minecraft:torch":192,"minecraft:clay":30,"tombstone:bone_needle":1},"minecraft:dropped":{"minecraft:iron_sword":2,"minecraft:cooked_beef":20,"minecraft:baked_potato":17,"minecraft:glow_ink_sac":1,"minecraft:ender_pearl":3,"minecraft:cooked_porkchop":9,"minecraft:crossbow":1,"minecraft:leather":6,"minecraft:saddle":1,"minecraft:flint":2,"minecraft:bone_block":1,"minecraft:iron_pickaxe":3,"minecraft:cyan_carpet":1,"usefulbackpacks:backpack_large":4,"minecraft:cooked_chicken":3,"minecraft:golden_chestplate":1,"minecraft:beetroot":2,"minecraft:rotten_flesh":6,"securitycraft:taser":1,"minecraft:diamond_shovel":1,"minecraft:cooked_mutton":3,"minecraft:carrot":3,"minecraft:gunpowder":1,"minecraft:beetroot_seeds":1,"minecraft:chainmail_boots":2,"minecraft:basalt":2,"minecraft:enchanting_table":1,"minecraft:water_bucket":2,"minecraft:iron_ingot":3,"minecraft:bread":18,"usefulbackpacks:backpack_medium":3,"minecraft:bookshelf":47,"minecraft:iron_helmet":2,"minecraft:apple":13,"minecraft:chainmail_helmet":2,"minecraft:coal":7,"minecraft:golden_apple":3,"minecraft:stick":4,"minecraft:leather_horse_armor":1,"minecraft:torch":194,"minecraft:map":2,"securitycraft:wire_cutters":1,"tombstone:grave_dust":1,"minecraft:potion":2,"securitycraft:sc_manual":1,"minecraft:string":1,"minecraft:bucket":1,"minecraft:filled_map":1,"minecraft:diamond_sword":3,"minecraft:shield":1,"minecraft:iron_chestplate":1,"minecraft:diamond_pickaxe":1,"minecraft:bow":3},"minecraft:killed_by":{"minecraft:zombie":1}},"DataVersion":3465}