{"stats":{"minecraft:used":{"handcrafted:goat_trophy":1,"minecraft:bone_block":2,"minecraft:shield":92,"minecraft:chest":13,"minecraft:stone":1448,"minecraft:iron_sword":153,"handcrafted:stackable_book":8,"minecraft:iron_chestplate":3,"securitycraft:keypad_item":7,"minecraft:nether_bricks":1,"minecraft:carrot":2,"minecraft:tuff":4,"minecraft:music_disc_13":1,"minecraft:spruce_boat":3,"minecraft:lava_bucket":1,"minecraft:grass_block":1,"minecraft:lantern":4,"minecraft:quartz_block":5,"minecraft:iron_helmet":19,"minecraft:crimson_roots":3,"minecraft:stone_brick_stairs":1,"minecraft:stone_bricks":1,"minecraft:bow":465,"minecraft:scaffolding":2,"minecraft:sweet_berries":3,"minecraft:furnace":2,"minecraft:beetroot_seeds":1,"minecraft:egg":36,"minecraft:potato":3,"securitycraft:wire_cutters":11,"minecraft:golden_boots":1,"minecraft:mossy_stone_bricks":15,"minecraft:diamond_boots":3,"minecraft:oak_planks":4,"minecraft:ender_pearl":2,"minecraft:clay":1,"minecraft:golden_apple":1,"tombstone:dust_of_vanishing":2,"minecraft:blast_furnace":2,"minecraft:crossbow":34,"minecraft:shears":1,"minecraft:firework_rocket":5,"minecraft:string":3,"minecraft:bread":76,"minecraft:polished_granite":3,"minecraft:gravel":1,"minecraft:golden_helmet":12,"securitycraft:mine":2,"minecraft:diamond_sword":3083,"minecraft:nether_wart_block":6,"minecraft:fire_charge":1,"minecraft:chainmail_boots":3,"minecraft:cooked_rabbit":2,"minecraft:oak_boat":1,"minecraft:oak_fence":24,"minecraft:oak_trapdoor":60,"minecraft:enchanting_table":1,"minecraft:spruce_planks":66,"minecraft:cooked_chicken":2,"minecraft:netherrack":92,"minecraft:torch":747,"minecraft:spyglass":13,"minecraft:dirt":545,"minecraft:anvil":1,"minecraft:hopper":4,"minecraft:diamond_helmet":3,"minecraft:golden_chestplate":2,"minecraft:oak_fence_gate":2,"minecraft:bookshelf":16,"minecraft:iron_axe":67,"minecraft:iron_boots":6,"minecraft:crimson_planks":3,"minecraft:diamond_chestplate":5,"minecraft:smooth_basalt":2,"minecraft:light_gray_wool":1,"minecraft:basalt":17,"minecraft:golden_carrot":8,"tombstone:gift":16,"minecraft:cooked_beef":121,"minecraft:cobbled_deepslate":141,"minecraft:iron_leggings":5,"minecraft:calcite":12,"minecraft:wheat_seeds":82,"minecraft:cooked_mutton":21,"minecraft:water_bucket":27,"minecraft:baked_potato":143,"minecraft:cracked_stone_bricks":5,"minecraft:polished_blackstone_bricks":36,"minecraft:crafting_table":9,"tombstone:bag_of_seeds":10,"minecraft:diamond_shovel":1173,"minecraft:diamond_pickaxe":570,"minecraft:apple":31,"minecraft:cracked_polished_blackstone_bricks":6,"minecraft:iron_pickaxe":3302,"minecraft:stone_slab":11,"minecraft:spruce_trapdoor":22,"minecraft:stone_axe":292,"minecraft:chiseled_stone_bricks":1,"minecraft:cobblestone":283,"minecraft:potion":3,"minecraft:cooked_porkchop":39,"minecraft:bucket":10,"minecraft:diamond_leggings":1,"minecraft:smooth_stone":1,"minecraft:chainmail_leggings":1},"minecraft:crafted":{"minecraft:oak_planks":186,"minecraft:cooked_chicken":7,"usefulbackpacks:backpack_small":1,"securitycraft:wire_cutters":1,"minecraft:stone":4,"securitycraft:keypad_item":2,"minecraft:bookshelf":36,"minecraft:heavy_weighted_pressure_plate":2,"minecraft:cooked_mutton":16,"minecraft:hopper":4,"minecraft:bow":2,"minecraft:diamond_leggings":1,"minecraft:iron_boots":2,"minecraft:chest":15,"handcrafted:goat_trophy":1,"minecraft:oak_fence":12,"minecraft:golden_boots":1,"minecraft:emerald":23,"minecraft:cooked_porkchop":55,"minecraft:crafting_table":6,"minecraft:spruce_planks":224,"securitycraft:reinforced_stone_button":16,"minecraft:iron_helmet":1,"minecraft:baked_potato":129,"minecraft:gold_block":1,"minecraft:birch_planks":48,"minecraft:spectral_arrow":2,"minecraft:spruce_trapdoor":22,"minecraft:iron_chestplate":2,"minecraft:book":3,"minecraft:paper":9,"minecraft:diamond_pickaxe":1,"minecraft:stick":152,"minecraft:stone_slab":12,"usefulbackpacks:backpack_large":1,"minecraft:iron_ingot":137,"minecraft:iron_pickaxe":2,"minecraft:iron_block":22,"minecraft:stone_sword":5,"minecraft:gold_ingot":33,"tombstone:voodoo_poppet":1,"minecraft:wooden_sword":1,"minecraft:raw_iron":9,"minecraft:furnace":1,"minecraft:stone_button":1,"minecraft:oak_trapdoor":30,"minecraft:iron_axe":1,"minecraft:diamond_boots":1,"minecraft:filled_map":1,"usefulbackpacks:backpack_medium":1,"minecraft:spruce_boat":1,"minecraft:redstone_block":5,"minecraft:dark_oak_planks":20,"handcrafted:stackable_book":4,"minecraft:wheat":279,"minecraft:cooked_beef":121,"minecraft:crimson_planks":112,"minecraft:diamond_sword":1,"minecraft:iron_sword":1,"minecraft:cooked_salmon":6,"securitycraft:taser":1,"minecraft:bucket":1,"minecraft:dark_oak_button":1,"minecraft:stone_axe":1,"securitycraft:reinforced_stone":26,"minecraft:oak_boat":1,"minecraft:oak_fence_gate":1,"minecraft:iron_leggings":1,"minecraft:anvil":1,"minecraft:torch":496,"minecraft:clay":30,"tombstone:bone_needle":1,"minecraft:diamond_chestplate":1},"minecraft:killed":{"minecraft:spider":50,"minecraft:skeleton":84,"minecraft:chicken":6,"minecraft:silverfish":14,"creeperoverhaul:cave_creeper":1,"minecraft:piglin_brute":1,"minecraft:magma_cube":6,"minecraft:piglin":3,"minecraft:pig":21,"minecraft:zombie_villager":4,"minecraft:salmon":3,"minecraft:creeper":22,"minecraft:sheep":13,"minecraft:pillager":13,"minecraft:zombie":132,"minecraft:stray":17,"minecraft:blaze":7,"minecraft:cow":49,"minecraft:slime":4,"minecraft:drowned":1,"minecraft:rabbit":1,"minecraft:bat":1,"minecraft:hoglin":3,"minecraft:wither_skeleton":1,"minecraft:enderman":4},"minecraft:broken":{"minecraft:golden_boots":1,"minecraft:iron_boots":2,"minecraft:iron_chestplate":1,"minecraft:iron_leggings":2,"minecraft:stone_axe":2,"minecraft:golden_chestplate":2,"minecraft:iron_pickaxe":5,"minecraft:iron_helmet":6},"minecraft:mined":{"minecraft:large_amethyst_bud":2,"securitycraft:mine":1,"minecraft:spruce_planks":8,"minecraft:stone_pressure_plate":1,"minecraft:sculk_vein":6,"minecraft:cobblestone_stairs":1,"minecraft:red_nether_bricks":2,"minecraft:obsidian":5,"minecraft:spruce_trapdoor":1,"minecraft:granite":3,"minecraft:budding_amethyst":6,"minecraft:grass_block":766,"minecraft:cracked_polished_blackstone_bricks":31,"minecraft:white_concrete":1,"minecraft:coal_block":1,"minecraft:soul_soil":3,"minecraft:crimson_fungus":11,"minecraft:oxeye_daisy":3,"minecraft:chiseled_stone_bricks":5,"minecraft:spawner":45,"minecraft:polished_blackstone_bricks":55,"minecraft:weeping_vines_plant":1,"minecraft:raw_iron_block":1,"minecraft:magma_block":2,"minecraft:glowstone":3,"minecraft:mossy_cobblestone_stairs":7,"minecraft:iron_ore":50,"minecraft:fire":6,"minecraft:cobbled_deepslate":16,"minecraft:azure_bluet":3,"minecraft:nether_brick_stairs":15,"minecraft:enchanting_table":3,"minecraft:dirt_path":15,"minecraft:oak_stairs":2,"minecraft:iron_bars":43,"minecraft:pink_tulip":5,"minecraft:azalea":2,"minecraft:tripwire":2,"minecraft:deepslate_redstone_ore":11,"minecraft:quartz_block":16,"minecraft:blackstone":90,"minecraft:medium_amethyst_bud":2,"minecraft:kelp_plant":2,"handcrafted:stackable_book":1,"minecraft:crimson_nylium":10,"minecraft:amethyst_cluster":16,"minecraft:powder_snow":24,"minecraft:clay":33,"minecraft:torch":4,"minecraft:blast_furnace":2,"minecraft:calcite":18,"minecraft:poppy":4,"minecraft:chest":2,"minecraft:mushroom_stem":1,"minecraft:nether_quartz_ore":13,"minecraft:cobblestone":28,"minecraft:oak_planks":9,"minecraft:sugar_cane":4,"minecraft:bricks":4,"minecraft:iron_door":1,"minecraft:wall_torch":12,"minecraft:amethyst_block":34,"minecraft:warped_nylium":1,"minecraft:blue_terracotta":1,"minecraft:nether_wart_block":7,"minecraft:birch_log":11,"minecraft:wheat":97,"minecraft:warped_fungus":6,"minecraft:light_gray_wool":4,"minecraft:orange_tulip":4,"minecraft:stone_brick_stairs":10,"minecraft:infested_mossy_stone_bricks":1,"minecraft:grass":546,"minecraft:oak_log":59,"minecraft:beetroots":2,"minecraft:oak_fence_gate":1,"minecraft:sand":51,"minecraft:dirt":207,"minecraft:smooth_basalt":16,"minecraft:red_mushroom_block":1,"minecraft:ancient_debris":2,"minecraft:netherrack":837,"minecraft:deepslate":441,"minecraft:oak_leaves":47,"minecraft:emerald_block":1,"minecraft:diamond_ore":1,"minecraft:nether_gold_ore":21,"minecraft:tuff":61,"minecraft:mossy_cobblestone":66,"minecraft:deepslate_diamond_ore":19,"minecraft:stripped_birch_log":3,"minecraft:nether_bricks":26,"minecraft:allium":9,"minecraft:spruce_fence":2,"minecraft:crimson_roots":8,"minecraft:redstone_wire":3,"minecraft:spruce_leaves":25,"minecraft:crimson_stem":50,"minecraft:hay_block":38,"minecraft:oak_trapdoor":10,"minecraft:furnace":1,"minecraft:snow":6,"minecraft:andesite":5,"minecraft:stripped_spruce_log":1,"minecraft:gold_block":1,"minecraft:mossy_stone_brick_stairs":14,"minecraft:bookshelf":39,"minecraft:deepslate_iron_ore":22,"minecraft:vine":35,"minecraft:warped_stem":59,"minecraft:lantern":1,"minecraft:stripped_oak_log":4,"minecraft:white_tulip":4,"minecraft:stone":995,"minecraft:bone_block":2,"minecraft:white_wool":1,"minecraft:scaffolding":3,"minecraft:redstone_block":2,"minecraft:soul_sand":1,"minecraft:snow_block":11,"minecraft:brown_carpet":1,"minecraft:basalt":204,"minecraft:dandelion":4,"minecraft:polished_granite":3,"minecraft:oak_fence":15,"minecraft:crafting_table":3,"minecraft:cornflower":6,"minecraft:oak_wood":1,"minecraft:sponge":1,"minecraft:warped_roots":1,"minecraft:sculk_sensor":1,"minecraft:stone_slab":3,"minecraft:tall_grass":45,"minecraft:lapis_ore":4,"minecraft:deepslate_gold_ore":15,"minecraft:sculk":24,"minecraft:diorite":29,"minecraft:spruce_log":52,"minecraft:birch_leaves":6,"minecraft:coal_ore":205,"minecraft:gravel":10,"minecraft:cracked_stone_bricks":46,"minecraft:polished_andesite":3,"minecraft:stone_bricks":22,"minecraft:mossy_stone_bricks":68},"minecraft:dropped":{"minecraft:iron_sword":2,"minecraft:cooked_beef":21,"minecraft:baked_potato":17,"minecraft:glow_ink_sac":1,"minecraft:ender_pearl":3,"minecraft:diamond":3,"minecraft:cooked_porkchop":9,"minecraft:crossbow":1,"minecraft:leather":6,"minecraft:saddle":1,"minecraft:flint":2,"minecraft:dirt":2,"minecraft:bone_block":1,"minecraft:iron_pickaxe":4,"minecraft:cyan_carpet":1,"minecraft:gold_ingot":47,"usefulbackpacks:backpack_large":5,"minecraft:stone_axe":1,"minecraft:cooked_chicken":4,"minecraft:golden_chestplate":1,"minecraft:cobbled_deepslate":17,"minecraft:beetroot":2,"minecraft:rotten_flesh":6,"securitycraft:taser":1,"minecraft:diamond_shovel":2,"minecraft:cooked_mutton":3,"minecraft:carrot":3,"minecraft:gunpowder":1,"minecraft:beetroot_seeds":24,"minecraft:melon_seeds":7,"minecraft:chainmail_boots":2,"minecraft:basalt":2,"minecraft:enchanting_table":1,"minecraft:water_bucket":2,"minecraft:iron_ingot":33,"minecraft:bread":18,"usefulbackpacks:backpack_medium":3,"minecraft:bookshelf":47,"minecraft:iron_helmet":3,"minecraft:cobblestone":65,"minecraft:apple":35,"minecraft:chainmail_helmet":2,"minecraft:coal":7,"minecraft:golden_apple":3,"minecraft:stick":4,"minecraft:leather_horse_armor":1,"minecraft:torch":194,"minecraft:map":2,"securitycraft:wire_cutters":1,"tombstone:grave_dust":1,"minecraft:potion":2,"minecraft:iron_leggings":1,"securitycraft:sc_manual":1,"minecraft:string":1,"minecraft:bucket":2,"minecraft:cocoa_beans":1,"minecraft:iron_boots":1,"minecraft:pumpkin_seeds":3,"minecraft:filled_map":1,"minecraft:diamond_sword":5,"minecraft:stone":3,"minecraft:shield":1,"minecraft:diamond_pickaxe":1,"minecraft:iron_chestplate":2,"minecraft:bow":5},"minecraft:picked_up":{"minecraft:wheat":96,"minecraft:black_carpet":1,"securitycraft:keypad_item":7,"minecraft:redstone_block":2,"minecraft:chainmail_boots":3,"securitycraft:taser":1,"minecraft:lead":14,"minecraft:stone_slab":3,"minecraft:diamond_sword":4,"minecraft:oak_stairs":2,"minecraft:potion":3,"minecraft:enchanted_book":3,"minecraft:nether_brick":15,"minecraft:stone_brick_stairs":8,"minecraft:amethyst_block":34,"minecraft:string":77,"minecraft:soul_soil":3,"minecraft:red_nether_bricks":2,"minecraft:iron_leggings":1,"minecraft:beetroot":2,"minecraft:sea_pickle":4,"securitycraft:wire_cutters":1,"minecraft:gold_nugget":47,"minecraft:cobbled_deepslate":381,"minecraft:bucket":1,"minecraft:spruce_planks":12,"minecraft:white_tulip":4,"minecraft:calcite":18,"minecraft:azalea":2,"minecraft:iron_pickaxe":5,"minecraft:iron_boots":1,"minecraft:furnace":1,"minecraft:tipped_arrow":12,"minecraft:golden_helmet":2,"minecraft:stick":8,"minecraft:oak_fence":16,"minecraft:torch":175,"minecraft:spruce_stairs":4,"minecraft:porkchop":50,"tombstone:grave_dust":28,"minecraft:diorite":36,"minecraft:golden_chestplate":3,"minecraft:brown_carpet":2,"minecraft:quartz_block":16,"minecraft:rotten_flesh":136,"minecraft:bookshelf":27,"minecraft:blaze_rod":1,"minecraft:obsidian":6,"minecraft:iron_bars":45,"minecraft:snowball":67,"minecraft:cobblestone":286,"minecraft:sponge":1,"minecraft:birch_log":9,"minecraft:enchanting_table":3,"minecraft:leather_chestplate":1,"minecraft:feather":20,"minecraft:cooked_beef":6,"minecraft:iron_door":1,"minecraft:warped_fungus_on_a_stick":1,"minecraft:water_bucket":2,"minecraft:potato":1,"minecraft:flint":2,"minecraft:tuff":42,"minecraft:lapis_lazuli":35,"minecraft:dirt":756,"minecraft:stripped_birch_log":3,"minecraft:lantern":6,"minecraft:polished_granite":3,"minecraft:bone":132,"minecraft:bow":22,"minecraft:wheat_seeds":307,"minecraft:orange_tulip":4,"minecraft:raw_gold":31,"minecraft:mossy_stone_bricks":62,"minecraft:diamond_helmet":1,"minecraft:glowstone_dust":8,"minecraft:oak_planks":9,"minecraft:pitcher_pod":3,"minecraft:mossy_stone_brick_stairs":13,"securitycraft:mine":4,"minecraft:cooked_porkchop":6,"minecraft:music_disc_13":1,"minecraft:sand":28,"minecraft:stripped_spruce_log":1,"minecraft:nether_brick_stairs":5,"minecraft:dead_bush":2,"minecraft:grass_block":1,"minecraft:spectral_arrow":27,"minecraft:dark_oak_log":1,"minecraft:mossy_cobblestone":59,"minecraft:bundle":5,"minecraft:polished_andesite":3,"handcrafted:stackable_book":4,"minecraft:light_blue_terracotta":2,"minecraft:diamond":55,"minecraft:spruce_boat":2,"minecraft:cracked_polished_blackstone_bricks":35,"minecraft:crossbow":2,"minecraft:granite":3,"minecraft:grass":1,"minecraft:golden_apple":2,"minecraft:white_concrete":2,"minecraft:spruce_sign":1,"minecraft:oak_sapling":3,"minecraft:netherrack":461,"minecraft:bricks":3,"minecraft:crimson_roots":9,"minecraft:diamond_pickaxe":1,"tombstone:dust_of_vanishing":1,"minecraft:crafting_table":3,"minecraft:allium":9,"minecraft:azure_bluet":3,"minecraft:splash_potion":1,"minecraft:chicken":7,"minecraft:clay_ball":143,"minecraft:leather_leggings":1,"minecraft:wooden_pickaxe":1,"minecraft:gold_block":1,"usefulbackpacks:backpack_medium":3,"minecraft:shield":1,"minecraft:cornflower":6,"minecraft:oak_trapdoor":8,"minecraft:iron_axe":1,"minecraft:cyan_carpet":2,"minecraft:blackstone":128,"minecraft:cracked_stone_bricks":45,"minecraft:beef":136,"minecraft:poppy":6,"minecraft:light_gray_wool":4,"minecraft:minecart":1,"minecraft:sugar_cane":10,"minecraft:chest":3,"minecraft:spruce_trapdoor":1,"minecraft:egg":41,"minecraft:raw_iron":125,"minecraft:stone":701,"minecraft:bowl":2,"minecraft:spruce_fence":2,"minecraft:fire_charge":1,"minecraft:polished_blackstone_bricks":60,"minecraft:carrot":1,"minecraft:redstone":56,"minecraft:stone_pressure_plate":1,"minecraft:arrow":186,"minecraft:weeping_vines":2,"minecraft:beetroot_seeds":4,"minecraft:nether_bricks":17,"minecraft:diamond_boots":2,"minecraft:hay_block":38,"minecraft:pink_tulip":5,"minecraft:saddle":2,"minecraft:gold_ingot":24,"minecraft:mutton":16,"minecraft:white_wool":15,"minecraft:bone_block":2,"minecraft:rail":1,"minecraft:oxeye_daisy":3,"minecraft:stripped_oak_log":4,"minecraft:clock":1,"minecraft:basalt":86,"minecraft:glow_ink_sac":10,"minecraft:crimson_stem":50,"minecraft:salmon":3,"minecraft:leather":71,"minecraft:filled_map":1,"securitycraft:sc_manual":1,"minecraft:crimson_fungus":11,"minecraft:oak_log":58,"minecraft:ancient_debris":2,"minecraft:nether_wart_block":6,"minecraft:gunpowder":12,"minecraft:cobblestone_stairs":1,"minecraft:white_banner":1,"minecraft:apple":11,"minecraft:stone_bricks":19,"minecraft:kelp":7,"minecraft:warped_stem":59,"minecraft:iron_ingot":25,"minecraft:oak_fence_gate":1,"tombstone:bag_of_seeds":4,"minecraft:glass_bottle":3,"minecraft:iron_sword":1,"minecraft:soul_sand":1,"minecraft:book":117,"minecraft:scaffolding":3,"minecraft:smooth_basalt":15,"minecraft:warped_fungus":5,"minecraft:emerald_block":1,"minecraft:pitcher_plant":1,"minecraft:sweet_berries":11,"minecraft:chiseled_stone_bricks":4,"minecraft:quartz":29,"minecraft:dandelion":2,"minecraft:raw_iron_block":1,"minecraft:torchflower_seeds":2,"minecraft:gravel":13,"minecraft:amethyst_shard":70,"minecraft:spruce_sapling":3,"minecraft:blast_furnace":2,"minecraft:spruce_log":55,"minecraft:crying_obsidian":9,"minecraft:spider_eye":15,"usefulbackpacks:backpack_large":5,"minecraft:leather_helmet":1,"minecraft:oak_wood":1,"minecraft:diamond_shovel":2,"minecraft:pumpkin_seeds":3,"minecraft:stone_axe":1,"minecraft:chainmail_leggings":1,"minecraft:iron_helmet":3,"minecraft:mossy_cobblestone_stairs":5,"minecraft:gray_wool":1,"minecraft:baked_potato":2,"tombstone:magic_scroll":4,"minecraft:coal":286,"minecraft:ender_pearl":9},"minecraft:killed_by":{"minecraft:zombie":1},"minecraft:custom":{"minecraft:animals_bred":336,"minecraft:interact_with_crafting_table":157,"minecraft:open_barrel":3,"goblintraders:trade_with_goblin":79,"minecraft:bell_ring":1,"minecraft:eat_cake_slice":7,"minecraft:leave_game":132,"minecraft:time_since_death":1020958,"minecraft:sprint_one_cm":460791,"minecraft:damage_blocked_by_shield":3890,"minecraft:drop":229,"minecraft:talked_to_villager":23,"minecraft:play_time":2009536,"minecraft:deaths":17,"minecraft:jump":8324,"minecraft:interact_with_brewingstand":1,"minecraft:walk_on_water_one_cm":139902,"minecraft:enchant_item":28,"minecraft:interact_with_furnace":144,"minecraft:play_record":1,"minecraft:traded_with_villager":1,"minecraft:interact_with_cartography_table":4,"minecraft:interact_with_loom":1,"minecraft:sleep_in_bed":25,"minecraft:damage_dealt":64651,"minecraft:crouch_one_cm":53726,"tombstone:undead_killed":239,"minecraft:interact_with_smithing_table":3,"minecraft:interact_with_smoker":1,"minecraft:inspect_dispenser":2,"minecraft:horse_one_cm":333751,"minecraft:interact_with_anvil":53,"minecraft:mob_kills":496,"minecraft:inspect_hopper":18,"tombstone:use_vanishing":2,"minecraft:climb_one_cm":36377,"minecraft:walk_one_cm":8146345,"minecraft:damage_dealt_absorbed":40,"minecraft:strider_one_cm":34228,"minecraft:sneak_time":21992,"minecraft:walk_under_water_one_cm":51625,"minecraft:boat_one_cm":221963,"minecraft:interact_with_lectern":2,"minecraft:interact_with_blast_furnace":18,"minecraft:total_world_time":2009536,"tombstone:raider_killed":15,"minecraft:raid_trigger":1,"minecraft:interact_with_stonecutter":6,"minecraft:time_since_rest":50790,"minecraft:damage_taken":36898,"minecraft:damage_absorbed":40,"minecraft:swim_one_cm":1697,"minecraft:fly_one_cm":166200,"minecraft:open_chest":1052,"minecraft:fall_one_cm":148425}},"DataVersion":3465}