{"stats":{"minecraft:dropped":{"minecraft:apple":1},"minecraft:used":{"minecraft:apple":1,"minecraft:oak_planks":2,"minecraft:wooden_pickaxe":59,"minecraft:cooked_chicken":1,"minecraft:stone_axe":57,"minecraft:wooden_sword":41,"minecraft:crafting_table":1,"minecraft:birch_log":2},"minecraft:mined":{"minecraft:birch_log":6,"minecraft:powder_snow":2,"minecraft:grass":140,"minecraft:coal_ore":35,"minecraft:oak_log":55,"minecraft:tall_grass":34,"minecraft:stone":24,"minecraft:oak_leaves":2},"minecraft:custom":{"minecraft:time_since_rest":6364,"minecraft:sprint_one_cm":63629,"minecraft:damage_taken":160,"minecraft:walk_one_cm":85353,"minecraft:mob_kills":4,"minecraft:drop":1,"minecraft:damage_dealt":338,"minecraft:interact_with_crafting_table":3,"minecraft:fly_one_cm":29767,"minecraft:open_chest":4,"minecraft:crouch_one_cm":321,"minecraft:play_time":29485,"tombstone:undead_killed":1,"minecraft:sneak_time":231,"minecraft:jump":365,"minecraft:time_since_death":29485,"minecraft:sleep_in_bed":1,"minecraft:total_world_time":29485,"minecraft:fall_one_cm":3855},"minecraft:picked_up":{"minecraft:birch_log":6,"minecraft:stick":1,"minecraft:iron_chestplate":1,"minecraft:cooked_beef":1,"minecraft:oak_door":1,"minecraft:dandelion":1,"minecraft:porkchop":7,"minecraft:oak_log":55,"tombstone:grave_dust":2,"minecraft:gunpowder":2,"minecraft:dirt":15,"minecraft:apple":3,"minecraft:stone_bricks":1,"minecraft:wheat_seeds":23,"minecraft:cooked_chicken":1,"minecraft:oak_sapling":3,"minecraft:coal":35,"minecraft:iron_boots":1,"minecraft:cobblestone":24},"minecraft:killed":{"minecraft:zombie":1,"minecraft:pig":3},"minecraft:crafted":{"minecraft:wooden_sword":1,"minecraft:oak_planks":80,"minecraft:crafting_table":1,"minecraft:stick":8,"minecraft:wooden_pickaxe":1,"minecraft:stone_axe":1},"minecraft:broken":{"minecraft:wooden_pickaxe":1}},"DataVersion":3465}