{"stats":{"minecraft:dropped":{"minecraft:apple":1},"minecraft:used":{"minecraft:stone_shovel":1230,"minecraft:stone_pickaxe":46,"minecraft:oak_planks":2,"minecraft:chest":1,"minecraft:wooden_pickaxe":59,"minecraft:cooked_chicken":1,"minecraft:dirt":799,"minecraft:crafting_table":4,"minecraft:white_bed":2,"minecraft:apple":2,"minecraft:stone_axe":57,"minecraft:diamond_sword":1,"minecraft:wooden_sword":58,"minecraft:furnace":1,"minecraft:cooked_porkchop":3,"minecraft:birch_log":2,"minecraft:cooked_beef":1},"minecraft:mined":{"minecraft:white_bed":1,"minecraft:dandelion":1,"minecraft:powder_snow":2,"minecraft:grass_block":899,"minecraft:tall_grass":70,"minecraft:birch_log":7,"minecraft:fire":2,"minecraft:grass":503,"minecraft:dirt_path":1,"minecraft:oak_log":55,"minecraft:coal_ore":46,"minecraft:dirt":175,"minecraft:stone":57,"minecraft:oak_leaves":2},"minecraft:custom":{"minecraft:interact_with_furnace":3,"minecraft:mob_kills":7,"minecraft:interact_with_cartography_table":1,"minecraft:interact_with_crafting_table":14,"minecraft:interact_with_loom":1,"minecraft:time_since_death":89485,"minecraft:sleep_in_bed":16,"minecraft:time_since_rest":5005,"minecraft:sprint_one_cm":115101,"minecraft:damage_taken":225,"minecraft:walk_one_cm":336960,"minecraft:drop":1,"minecraft:damage_dealt":613,"minecraft:fly_one_cm":83564,"minecraft:open_chest":14,"minecraft:crouch_one_cm":369,"minecraft:play_time":89485,"tombstone:undead_killed":1,"minecraft:sneak_time":241,"minecraft:walk_under_water_one_cm":307,"minecraft:jump":898,"minecraft:walk_on_water_one_cm":392,"minecraft:total_world_time":89485,"minecraft:fall_one_cm":11666},"minecraft:picked_up":{"minecraft:birch_log":8,"minecraft:cocoa_beans":8,"minecraft:iron_chestplate":1,"minecraft:cooked_beef":1,"minecraft:diamond_sword":1,"minecraft:oak_log":55,"minecraft:gunpowder":2,"minecraft:dirt":1083,"minecraft:iron_leggings":1,"minecraft:bone":1,"minecraft:apple":3,"minecraft:stone_bricks":1,"minecraft:wheat_seeds":69,"minecraft:bucket":1,"minecraft:iron_ingot":30,"minecraft:cooked_chicken":1,"minecraft:pitcher_pod":5,"minecraft:iron_boots":1,"minecraft:egg":3,"minecraft:stick":1,"minecraft:oak_door":1,"minecraft:dandelion":3,"minecraft:torchflower_seeds":7,"minecraft:porkchop":10,"tombstone:grave_dust":2,"minecraft:white_bed":1,"minecraft:arrow":1,"minecraft:pumpkin_seeds":6,"minecraft:beetroot_seeds":111,"minecraft:iron_helmet":1,"minecraft:oak_sapling":3,"minecraft:melon_seeds":18,"minecraft:coal":46,"minecraft:cobblestone":57},"minecraft:killed":{"minecraft:pig":4,"minecraft:spider":1,"minecraft:zombie":1},"minecraft:crafted":{"minecraft:wooden_sword":1,"minecraft:oak_planks":216,"minecraft:stone_shovel":12,"minecraft:cooked_porkchop":7,"minecraft:crafting_table":4,"minecraft:wooden_pickaxe":1,"minecraft:furnace":1,"minecraft:birch_planks":24,"minecraft:stone_axe":1,"minecraft:stick":60,"minecraft:stone_pickaxe":1,"minecraft:chest":1,"minecraft:white_bed":1,"minecraft:stone_hoe":1},"minecraft:broken":{"minecraft:stone_shovel":8,"minecraft:wooden_pickaxe":1}},"DataVersion":3465}