{"stats":{"minecraft:custom":{"minecraft:interact_with_furnace":15,"minecraft:mob_kills":12,"minecraft:animals_bred":3,"minecraft:interact_with_crafting_table":30,"minecraft:interact_with_cartography_table":1,"minecraft:interact_with_loom":1,"minecraft:leave_game":1,"minecraft:time_since_death":221775,"minecraft:sleep_in_bed":26,"minecraft:time_since_rest":6565,"minecraft:sprint_one_cm":484141,"minecraft:damage_taken":281,"minecraft:walk_one_cm":989524,"minecraft:damage_blocked_by_shield":130,"minecraft:drop":3,"minecraft:damage_dealt":1186,"minecraft:swim_one_cm":1278,"minecraft:fly_one_cm":459091,"minecraft:open_chest":31,"minecraft:play_time":221775,"minecraft:crouch_one_cm":505,"minecraft:sneak_time":264,"tombstone:undead_killed":3,"minecraft:walk_under_water_one_cm":4918,"minecraft:jump":3047,"minecraft:walk_on_water_one_cm":23573,"minecraft:total_world_time":221775,"minecraft:fall_one_cm":46948},"minecraft:dropped":{"minecraft:leather":4,"minecraft:apple":1,"minecraft:dirt":1},"minecraft:crafted":{"minecraft:cooked_beef":5,"minecraft:wooden_sword":1,"minecraft:oak_planks":216,"minecraft:stone_shovel":20,"minecraft:cooked_porkchop":10,"minecraft:crafting_table":4,"minecraft:wooden_pickaxe":1,"minecraft:furnace":1,"minecraft:birch_planks":24,"minecraft:stone_axe":1,"minecraft:oak_trapdoor":2,"minecraft:oak_fence_gate":1,"minecraft:shield":1,"minecraft:stick":60,"minecraft:stone_pickaxe":1,"minecraft:chest":1,"minecraft:white_bed":1,"minecraft:stone_hoe":5},"minecraft:picked_up":{"minecraft:birch_log":8,"minecraft:cocoa_beans":8,"minecraft:iron_chestplate":1,"minecraft:wheat":6,"minecraft:cooked_beef":1,"minecraft:leather":4,"minecraft:diamond_sword":1,"minecraft:oak_log":55,"minecraft:gunpowder":2,"minecraft:dirt":2232,"minecraft:oak_trapdoor":2,"minecraft:iron_leggings":1,"minecraft:white_carpet":4,"minecraft:bone":3,"minecraft:beetroot":3,"minecraft:apple":3,"minecraft:stone_bricks":1,"minecraft:bow":1,"minecraft:wheat_seeds":310,"minecraft:bucket":1,"minecraft:iron_ingot":30,"minecraft:beef":5,"minecraft:cooked_chicken":1,"minecraft:pitcher_pod":5,"minecraft:iron_boots":1,"minecraft:egg":23,"minecraft:stick":1,"minecraft:oak_door":1,"minecraft:dandelion":14,"minecraft:torchflower_seeds":7,"minecraft:porkchop":10,"tombstone:grave_dust":2,"minecraft:white_bed":1,"minecraft:rotten_flesh":1,"minecraft:pumpkin_seeds":6,"minecraft:arrow":3,"minecraft:yellow_carpet":6,"minecraft:beetroot_seeds":122,"minecraft:iron_helmet":1,"minecraft:oak_sapling":3,"minecraft:melon_seeds":18,"minecraft:coal":80,"minecraft:cobblestone":76,"minecraft:oxeye_daisy":2},"minecraft:used":{"minecraft:oak_trapdoor":2,"minecraft:beetroot":3,"minecraft:wheat_seeds":243,"minecraft:water_bucket":35,"minecraft:stone_pickaxe":99,"minecraft:stone_shovel":2718,"minecraft:oak_planks":2,"minecraft:chest":1,"minecraft:wooden_pickaxe":59,"minecraft:shield":3,"minecraft:stone_hoe":416,"minecraft:cooked_chicken":1,"minecraft:dirt":1929,"minecraft:pitcher_pod":5,"minecraft:crafting_table":4,"minecraft:white_bed":2,"minecraft:yellow_carpet":6,"minecraft:pumpkin_seeds":6,"minecraft:oak_fence_gate":1,"minecraft:apple":2,"minecraft:melon_seeds":18,"minecraft:torchflower_seeds":7,"minecraft:stone_axe":64,"minecraft:wooden_sword":64,"minecraft:diamond_sword":1,"minecraft:cobblestone":12,"minecraft:furnace":1,"minecraft:cooked_porkchop":10,"minecraft:beetroot_seeds":117,"minecraft:bucket":36,"minecraft:birch_log":2,"minecraft:egg":3,"minecraft:cooked_beef":3},"minecraft:broken":{"minecraft:wooden_sword":1,"minecraft:stone_shovel":19,"minecraft:stone_hoe":3,"minecraft:wooden_pickaxe":1},"minecraft:killed":{"minecraft:pig":4,"minecraft:spider":1,"minecraft:skeleton":1,"minecraft:zombie":2,"minecraft:cow":3},"minecraft:mined":{"minecraft:white_bed":1,"minecraft:farmland":4,"minecraft:dandelion":12,"minecraft:powder_snow":2,"minecraft:grass_block":1745,"minecraft:yellow_carpet":1,"minecraft:tall_grass":159,"minecraft:cobblestone":2,"minecraft:oxeye_daisy":2,"minecraft:oak_trapdoor":2,"minecraft:birch_log":7,"minecraft:wheat":19,"minecraft:fire":2,"minecraft:grass":2030,"minecraft:oak_log":55,"minecraft:coal_ore":80,"minecraft:beetroots":2,"minecraft:dirt_path":139,"minecraft:oak_fence_gate":1,"minecraft:dirt":394,"minecraft:stone":74,"minecraft:oak_leaves":2}},"DataVersion":3465}