{"stats":{"minecraft:dropped":{"minecraft:apple":1},"minecraft:used":{"minecraft:stone_shovel":675,"minecraft:stone_pickaxe":46,"minecraft:oak_planks":2,"minecraft:chest":1,"minecraft:wooden_pickaxe":59,"minecraft:cooked_chicken":1,"minecraft:dirt":152,"minecraft:crafting_table":3,"minecraft:white_bed":2,"minecraft:apple":2,"minecraft:stone_axe":57,"minecraft:diamond_sword":1,"minecraft:wooden_sword":41,"minecraft:furnace":1,"minecraft:cooked_porkchop":1,"minecraft:birch_log":2,"minecraft:cooked_beef":1},"minecraft:mined":{"minecraft:white_bed":1,"minecraft:dandelion":1,"minecraft:powder_snow":2,"minecraft:grass_block":613,"minecraft:tall_grass":53,"minecraft:birch_log":7,"minecraft:fire":2,"minecraft:grass":365,"minecraft:oak_log":55,"minecraft:coal_ore":46,"minecraft:dirt":46,"minecraft:stone":57,"minecraft:oak_leaves":2},"minecraft:custom":{"minecraft:interact_with_furnace":3,"minecraft:mob_kills":4,"minecraft:interact_with_cartography_table":1,"minecraft:interact_with_crafting_table":13,"minecraft:time_since_death":65485,"minecraft:sleep_in_bed":6,"minecraft:time_since_rest":11929,"minecraft:sprint_one_cm":87803,"minecraft:damage_taken":186,"minecraft:walk_one_cm":230322,"minecraft:drop":1,"minecraft:damage_dealt":343,"minecraft:fly_one_cm":47221,"minecraft:open_chest":9,"minecraft:crouch_one_cm":369,"minecraft:play_time":65485,"tombstone:undead_killed":1,"minecraft:sneak_time":241,"minecraft:walk_under_water_one_cm":307,"minecraft:jump":649,"minecraft:walk_on_water_one_cm":392,"minecraft:total_world_time":65485,"minecraft:fall_one_cm":8202},"minecraft:picked_up":{"minecraft:birch_log":8,"minecraft:cocoa_beans":8,"minecraft:iron_chestplate":1,"minecraft:cooked_beef":1,"minecraft:diamond_sword":1,"minecraft:oak_log":55,"minecraft:gunpowder":2,"minecraft:dirt":654,"minecraft:iron_leggings":1,"minecraft:apple":3,"minecraft:stone_bricks":1,"minecraft:wheat_seeds":48,"minecraft:bucket":1,"minecraft:iron_ingot":30,"minecraft:cooked_chicken":1,"minecraft:pitcher_pod":5,"minecraft:iron_boots":1,"minecraft:egg":3,"minecraft:stick":1,"minecraft:oak_door":1,"minecraft:dandelion":3,"minecraft:torchflower_seeds":7,"minecraft:porkchop":7,"tombstone:grave_dust":2,"minecraft:white_bed":1,"minecraft:pumpkin_seeds":6,"minecraft:beetroot_seeds":111,"minecraft:iron_helmet":1,"minecraft:oak_sapling":3,"minecraft:melon_seeds":18,"minecraft:coal":46,"minecraft:cobblestone":57},"minecraft:killed":{"minecraft:pig":3,"minecraft:zombie":1},"minecraft:crafted":{"minecraft:wooden_sword":1,"minecraft:oak_planks":216,"minecraft:stone_shovel":12,"minecraft:cooked_porkchop":7,"minecraft:crafting_table":3,"minecraft:wooden_pickaxe":1,"minecraft:furnace":1,"minecraft:birch_planks":24,"minecraft:stone_axe":1,"minecraft:stick":60,"minecraft:stone_pickaxe":1,"minecraft:chest":1,"minecraft:white_bed":1,"minecraft:stone_hoe":1},"minecraft:broken":{"minecraft:stone_shovel":4,"minecraft:wooden_pickaxe":1}},"DataVersion":3465}