{"stats":{"minecraft:dropped":{"minecraft:apple":1},"minecraft:mined":{"minecraft:white_bed":1,"minecraft:dandelion":4,"minecraft:powder_snow":2,"minecraft:grass_block":1358,"minecraft:tall_grass":108,"minecraft:cobblestone":2,"minecraft:oxeye_daisy":1,"minecraft:oak_trapdoor":2,"minecraft:birch_log":7,"minecraft:fire":2,"minecraft:grass":903,"minecraft:oak_log":55,"minecraft:coal_ore":46,"minecraft:dirt_path":139,"minecraft:oak_fence_gate":1,"minecraft:dirt":250,"minecraft:stone":57,"minecraft:oak_leaves":2},"minecraft:custom":{"minecraft:interact_with_furnace":13,"minecraft:mob_kills":10,"minecraft:interact_with_crafting_table":22,"minecraft:interact_with_cartography_table":1,"minecraft:interact_with_loom":1,"minecraft:leave_game":1,"minecraft:time_since_death":163086,"minecraft:sleep_in_bed":22,"minecraft:time_since_rest":658,"minecraft:sprint_one_cm":322454,"minecraft:damage_taken":261,"minecraft:walk_one_cm":697227,"minecraft:drop":1,"minecraft:damage_dealt":886,"minecraft:swim_one_cm":1278,"minecraft:fly_one_cm":298425,"minecraft:open_chest":19,"minecraft:crouch_one_cm":369,"minecraft:play_time":163086,"tombstone:undead_killed":1,"minecraft:sneak_time":241,"minecraft:walk_under_water_one_cm":4918,"minecraft:jump":2095,"minecraft:walk_on_water_one_cm":14087,"minecraft:total_world_time":163086,"minecraft:fall_one_cm":32273},"minecraft:picked_up":{"minecraft:birch_log":8,"minecraft:cocoa_beans":8,"minecraft:iron_chestplate":1,"minecraft:cooked_beef":1,"minecraft:leather":4,"minecraft:diamond_sword":1,"minecraft:oak_log":55,"minecraft:gunpowder":2,"minecraft:dirt":1697,"minecraft:oak_trapdoor":2,"minecraft:iron_leggings":1,"minecraft:bone":1,"minecraft:apple":3,"minecraft:stone_bricks":1,"minecraft:wheat_seeds":121,"minecraft:bucket":1,"minecraft:beef":5,"minecraft:iron_ingot":30,"minecraft:cooked_chicken":1,"minecraft:pitcher_pod":5,"minecraft:iron_boots":1,"minecraft:egg":23,"minecraft:stick":1,"minecraft:oak_door":1,"minecraft:dandelion":6,"minecraft:torchflower_seeds":7,"minecraft:porkchop":10,"tombstone:grave_dust":2,"minecraft:white_bed":1,"minecraft:pumpkin_seeds":6,"minecraft:arrow":1,"minecraft:beetroot_seeds":111,"minecraft:iron_helmet":1,"minecraft:oak_sapling":3,"minecraft:melon_seeds":18,"minecraft:coal":46,"minecraft:cobblestone":59,"minecraft:oxeye_daisy":1},"minecraft:broken":{"minecraft:wooden_sword":1,"minecraft:stone_shovel":15,"minecraft:stone_hoe":1,"minecraft:wooden_pickaxe":1},"minecraft:killed":{"minecraft:pig":4,"minecraft:spider":1,"minecraft:zombie":1,"minecraft:cow":3},"minecraft:crafted":{"minecraft:wooden_sword":1,"minecraft:oak_planks":216,"minecraft:stone_shovel":15,"minecraft:cooked_porkchop":10,"minecraft:crafting_table":4,"minecraft:wooden_pickaxe":1,"minecraft:furnace":1,"minecraft:birch_planks":24,"minecraft:stone_axe":1,"minecraft:oak_trapdoor":2,"minecraft:oak_fence_gate":1,"minecraft:stick":60,"minecraft:stone_pickaxe":1,"minecraft:chest":1,"minecraft:white_bed":1,"minecraft:stone_hoe":4},"minecraft:used":{"minecraft:oak_trapdoor":2,"minecraft:wheat_seeds":121,"minecraft:water_bucket":34,"minecraft:stone_pickaxe":48,"minecraft:stone_shovel":2138,"minecraft:oak_planks":2,"minecraft:chest":1,"minecraft:wooden_pickaxe":59,"minecraft:stone_hoe":157,"minecraft:cooked_chicken":1,"minecraft:dirt":1393,"minecraft:pitcher_pod":5,"minecraft:crafting_table":4,"minecraft:white_bed":2,"minecraft:oak_fence_gate":1,"minecraft:apple":2,"minecraft:torchflower_seeds":7,"minecraft:stone_axe":57,"minecraft:wooden_sword":64,"minecraft:diamond_sword":1,"minecraft:cobblestone":11,"minecraft:furnace":1,"minecraft:cooked_porkchop":9,"minecraft:bucket":34,"minecraft:birch_log":2,"minecraft:egg":3,"minecraft:cooked_beef":1}},"DataVersion":3465}