{"stats":{"minecraft:used":{"minecraft:crafting_table":1,"minecraft:wooden_pickaxe":37},"minecraft:mined":{"minecraft:grass":68,"minecraft:oak_log":4,"minecraft:coal_ore":35,"minecraft:tall_grass":22,"minecraft:stone":2},"minecraft:custom":{"minecraft:time_since_rest":11485,"minecraft:crouch_one_cm":67,"minecraft:play_time":11485,"minecraft:sprint_one_cm":18279,"minecraft:walk_one_cm":20195,"minecraft:sneak_time":7,"minecraft:jump":104,"minecraft:time_since_death":11485,"minecraft:total_world_time":11485,"minecraft:fall_one_cm":627,"minecraft:interact_with_crafting_table":1,"minecraft:fly_one_cm":7865},"minecraft:picked_up":{"minecraft:wheat_seeds":12,"minecraft:oak_log":4,"minecraft:coal":35,"minecraft:cobblestone":2},"minecraft:crafted":{"minecraft:wooden_sword":1,"minecraft:oak_planks":14,"minecraft:crafting_table":1,"minecraft:stick":8,"minecraft:wooden_pickaxe":1}},"DataVersion":3465}