{"stats":{"minecraft:mined":{"minecraft:hay_block":11,"minecraft:red_bed":1,"minecraft:grass_block":1,"minecraft:oak_log":12,"minecraft:lantern":1,"minecraft:dirt":5,"minecraft:cracked_stone_bricks":1,"minecraft:stone":11,"minecraft:stone_bricks":3,"minecraft:oak_planks":2,"minecraft:wall_torch":1},"minecraft:picked_up":{"minecraft:clock":1,"minecraft:torch":1,"minecraft:lead":2,"minecraft:oak_log":12,"minecraft:dirt":6,"minecraft:red_bed":1,"minecraft:lantern":1,"minecraft:stone_bricks":3,"minecraft:cracked_stone_bricks":1,"minecraft:hay_block":11,"minecraft:oak_planks":1,"minecraft:cobblestone":11},"minecraft:custom":{"minecraft:time_since_rest":4329,"minecraft:interact_with_furnace":1,"minecraft:sprint_one_cm":7162,"minecraft:damage_taken":157,"minecraft:walk_one_cm":81600,"minecraft:talked_to_villager":2,"minecraft:interact_with_crafting_table":6,"minecraft:fly_one_cm":12010,"minecraft:open_chest":8,"minecraft:crouch_one_cm":969,"minecraft:play_time":19319,"minecraft:bell_ring":5,"minecraft:sneak_time":436,"minecraft:jump":107,"minecraft:leave_game":2,"minecraft:time_since_death":19319,"minecraft:sleep_in_bed":1,"minecraft:total_world_time":19319,"minecraft:fall_one_cm":2208},"minecraft:used":{"minecraft:lantern":1,"minecraft:stone_pickaxe":1,"minecraft:oak_planks":16,"minecraft:spruce_planks":8,"minecraft:wooden_pickaxe":20,"minecraft:stone_bricks":3,"minecraft:cracked_stone_bricks":1,"minecraft:stone_axe":9,"minecraft:dirt":6,"minecraft:cobblestone":2,"minecraft:red_bed":1},"minecraft:crafted":{"minecraft:oak_planks":24,"minecraft:stone_shovel":1,"minecraft:spruce_planks":8,"minecraft:stick":12,"minecraft:wooden_pickaxe":1,"minecraft:stone_pickaxe":1,"minecraft:stone_sword":1,"minecraft:stone_axe":1,"minecraft:bread":33,"minecraft:wheat":99}},"DataVersion":3465}