{"stats":{"minecraft:picked_up":{"minecraft:stripped_oak_log":1,"minecraft:wheat":4,"minecraft:crafting_table":1,"minecraft:feather":4,"minecraft:cooked_beef":9,"minecraft:chainmail_boots":1,"minecraft:chicken":2,"minecraft:andesite":11,"minecraft:oak_stairs":1,"minecraft:birch_planks":1,"minecraft:flint":8,"minecraft:stone_brick_stairs":2,"minecraft:oak_log":21,"minecraft:amethyst_block":48,"minecraft:lapis_lazuli":4,"minecraft:string":4,"minecraft:dirt":43,"minecraft:raw_copper":50,"minecraft:iron_leggings":1,"minecraft:bone":10,"minecraft:cyan_carpet":1,"minecraft:bow":1,"minecraft:cracked_stone_bricks":1,"minecraft:wheat_seeds":11,"usefulbackpacks:backpack_small":1,"minecraft:iron_ingot":12,"minecraft:cooked_chicken":1,"minecraft:calcite":21,"minecraft:mossy_stone_bricks":1,"minecraft:iron_pickaxe":3,"minecraft:iron_sword":3,"minecraft:oak_planks":7,"minecraft:mossy_stone_brick_stairs":4,"minecraft:furnace":1,"minecraft:golden_helmet":1,"minecraft:stick":11,"minecraft:raw_iron":38,"minecraft:cooked_porkchop":8,"minecraft:torch":10,"minecraft:porkchop":10,"minecraft:amethyst_shard":24,"minecraft:diorite":2,"minecraft:spider_eye":3,"minecraft:brown_carpet":1,"minecraft:arrow":7,"minecraft:rotten_flesh":10,"minecraft:crossbow":1,"minecraft:granite":4,"minecraft:bread":8,"minecraft:chainmail_helmet":2,"minecraft:black_wool":2,"minecraft:mutton":3,"minecraft:coal":76,"minecraft:white_wool":1,"minecraft:cobblestone":301},"minecraft:killed_by":{"minecraft:player":1},"minecraft:broken":{"minecraft:iron_pickaxe":1},"minecraft:mined":{"minecraft:mossy_stone_brick_slab":1,"minecraft:amethyst_cluster":6,"minecraft:powder_snow":1,"minecraft:budding_amethyst":4,"minecraft:crafting_table":1,"minecraft:glow_lichen":1,"minecraft:granite":6,"minecraft:calcite":48,"minecraft:emerald_ore":1,"minecraft:grass_block":12,"minecraft:white_stained_glass_pane":2,"minecraft:brick_stairs":1,"minecraft:tall_grass":7,"minecraft:copper_ore":12,"minecraft:cobblestone":8,"minecraft:lapis_ore":1,"minecraft:oak_planks":6,"minecraft:bricks":2,"minecraft:amethyst_block":49,"minecraft:diorite":1,"minecraft:wall_torch":1,"minecraft:wheat":4,"minecraft:iron_ore":39,"minecraft:andesite":12,"minecraft:black_carpet":1,"minecraft:stone_brick_stairs":2,"minecraft:grass":19,"minecraft:black_wool":1,"minecraft:oak_log":21,"minecraft:coal_ore":96,"minecraft:oak_stairs":1,"minecraft:stripped_oak_log":1,"minecraft:dirt":25,"minecraft:smooth_basalt":1,"minecraft:cracked_stone_bricks":1,"minecraft:stone":317,"minecraft:mossy_stone_bricks":1},"minecraft:used":{"minecraft:wheat_seeds":10,"minecraft:stone_pickaxe":177,"minecraft:chest":2,"minecraft:shield":4,"minecraft:iron_sword":141,"minecraft:cooked_chicken":1,"minecraft:torch":20,"minecraft:dirt":21,"minecraft:crafting_table":3,"minecraft:crossbow":4,"minecraft:apple":3,"minecraft:bread":8,"minecraft:iron_pickaxe":596,"minecraft:cobblestone":182,"minecraft:furnace":3,"minecraft:cooked_porkchop":2,"minecraft:cooked_beef":8},"minecraft:custom":{"minecraft:interact_with_smithing_table":2,"minecraft:interact_with_furnace":18,"minecraft:interact_with_anvil":1,"minecraft:mob_kills":22,"tombstone:raider_killed":1,"minecraft:interact_with_crafting_table":32,"minecraft:leave_game":20,"minecraft:time_since_death":144076,"minecraft:sleep_in_bed":5,"minecraft:climb_one_cm":1369,"minecraft:time_since_rest":18971,"minecraft:sprint_one_cm":9483,"minecraft:damage_taken":2563,"minecraft:walk_one_cm":839174,"minecraft:damage_blocked_by_shield":160,"minecraft:drop":28,"minecraft:damage_dealt":3004,"minecraft:fly_one_cm":12663,"minecraft:open_chest":31,"minecraft:play_time":281454,"tombstone:undead_killed":12,"minecraft:deaths":3,"minecraft:interact_with_lectern":13,"minecraft:jump":1109,"minecraft:walk_on_water_one_cm":1966,"minecraft:total_world_time":281454,"minecraft:fall_one_cm":19268,"minecraft:horse_one_cm":3199},"minecraft:crafted":{"minecraft:oak_planks":44,"minecraft:arrow":30,"minecraft:cooked_porkchop":10,"minecraft:crafting_table":3,"minecraft:cooked_chicken":1,"minecraft:iron_sword":2,"minecraft:furnace":3,"minecraft:cooked_mutton":3,"minecraft:iron_chestplate":1,"minecraft:stick":40,"minecraft:chest":2,"minecraft:iron_ingot":22,"minecraft:iron_pickaxe":4,"minecraft:stone_pickaxe":2,"minecraft:stone_sword":2,"minecraft:iron_leggings":1,"minecraft:torch":12},"minecraft:killed":{"minecraft:pig":4,"minecraft:spider":1,"minecraft:sheep":2,"minecraft:skeleton":5,"minecraft:pillager":1,"minecraft:zombie":7,"minecraft:chicken":2},"minecraft:dropped":{"minecraft:iron_ingot":1,"minecraft:furnace":1,"minecraft:iron_sword":2,"minecraft:wheat_seeds":1,"minecraft:cooked_beef":1,"minecraft:cooked_porkchop":8,"minecraft:raw_iron":5,"minecraft:rotten_flesh":1,"minecraft:cobblestone":1,"minecraft:oak_planks":2,"minecraft:mossy_stone_brick_stairs":3,"minecraft:stick":1,"minecraft:diorite":1,"minecraft:torch":1,"minecraft:andesite":4,"minecraft:chainmail_boots":1,"usefulbackpacks:backpack_small":1,"minecraft:brown_carpet":1,"minecraft:iron_pickaxe":2,"minecraft:cyan_carpet":1}},"DataVersion":3465}