{"stats":{"minecraft:picked_up":{"minecraft:wheat":53,"minecraft:black_carpet":4,"securitycraft:keypad_item":1,"minecraft:flower_pot":1,"minecraft:diamond_sword":1,"minecraft:potion":4,"minecraft:nether_brick":13,"minecraft:brewing_stand":1,"minecraft:music_disc_cat":1,"minecraft:string":46,"minecraft:soul_soil":1,"minecraft:raw_copper":8,"minecraft:shroomlight":2,"minecraft:beetroot":32,"securitycraft:wire_cutters":1,"minecraft:gold_nugget":59,"minecraft:cobbled_deepslate":47,"minecraft:bucket":1,"minecraft:black_glazed_terracotta":5,"minecraft:iron_pickaxe":3,"minecraft:furnace":1,"minecraft:tipped_arrow":3,"minecraft:stick":3,"minecraft:oak_fence":18,"minecraft:torch":12,"minecraft:porkchop":37,"minecraft:golden_axe":2,"tombstone:grave_dust":30,"minecraft:diorite":91,"minecraft:golden_chestplate":7,"minecraft:quartz_block":1,"minecraft:stone_sword":1,"minecraft:rotten_flesh":141,"minecraft:tropical_fish":8,"minecraft:bookshelf":54,"minecraft:obsidian":14,"minecraft:iron_bars":20,"minecraft:cobblestone":663,"minecraft:birch_log":6,"minecraft:enchanting_table":2,"minecraft:magma_block":42,"minecraft:leather_chestplate":1,"minecraft:cooked_beef":8,"minecraft:feather":11,"minecraft:iron_door":1,"minecraft:andesite":12,"minecraft:orange_carpet":4,"minecraft:golden_leggings":1,"minecraft:potato":7,"minecraft:flint":6,"minecraft:tuff":2,"minecraft:map":2,"minecraft:lapis_lazuli":130,"minecraft:lantern":2,"minecraft:dirt":279,"minecraft:leather_boots":1,"minecraft:bone":68,"minecraft:bow":2,"minecraft:wheat_seeds":149,"minecraft:raw_gold":21,"minecraft:bell":1,"minecraft:mossy_stone_bricks":8,"minecraft:glowstone_dust":11,"minecraft:oak_planks":10,"minecraft:waxed_exposed_copper":1,"minecraft:mossy_stone_brick_stairs":2,"securitycraft:mine":3,"minecraft:cooked_porkchop":3,"minecraft:sand":30,"minecraft:dark_oak_log":9,"minecraft:bundle":3,"minecraft:spruce_fence_gate":2,"minecraft:blue_terracotta":1,"minecraft:sugar":3,"minecraft:light_blue_terracotta":1,"minecraft:diamond":8,"minecraft:cracked_polished_blackstone_bricks":25,"minecraft:crossbow":4,"minecraft:granite":13,"minecraft:bone_meal":2,"minecraft:emerald":61,"minecraft:golden_horse_armor":1,"minecraft:chainmail_helmet":1,"minecraft:bread":10,"minecraft:netherrack":186,"minecraft:bricks":2,"minecraft:crimson_roots":2,"minecraft:crafting_table":8,"minecraft:chicken":8,"minecraft:clay_ball":8,"minecraft:gold_block":3,"minecraft:shield":2,"minecraft:heavy_weighted_pressure_plate":1,"minecraft:cornflower":1,"minecraft:blackstone":2,"minecraft:cracked_stone_bricks":18,"usefulbackpacks:backpack_small":2,"minecraft:mossy_cobblestone_wall":1,"minecraft:beef":27,"minecraft:light_gray_wool":1,"minecraft:sugar_cane":4,"minecraft:chest":1,"minecraft:egg":4,"minecraft:raw_iron":70,"securitycraft:reinforced_cobblestone":91,"minecraft:cyan_glazed_terracotta":4,"minecraft:polished_blackstone_bricks":43,"minecraft:carrot":3,"minecraft:redstone":232,"minecraft:stone_pressure_plate":4,"minecraft:weeping_vines":3,"minecraft:arrow":92,"minecraft:beetroot_seeds":76,"minecraft:hay_block":1,"minecraft:totem_of_undying":1,"minecraft:gold_ingot":6,"minecraft:mutton":14,"minecraft:bone_block":3,"minecraft:white_wool":9,"minecraft:basalt":10,"minecraft:glow_ink_sac":4,"minecraft:salmon":4,"minecraft:leather":32,"securitycraft:sc_manual":1,"minecraft:crimson_fungus":1,"minecraft:oak_log":23,"minecraft:nether_wart_block":6,"minecraft:gunpowder":28,"minecraft:white_banner":3,"tombstone:gift":2,"minecraft:cooked_mutton":3,"minecraft:apple":13,"minecraft:stone_bricks":18,"minecraft:iron_ingot":3,"minecraft:cooked_chicken":2,"minecraft:cobweb":2,"tombstone:bag_of_seeds":2,"minecraft:glass_bottle":1,"minecraft:iron_sword":3,"minecraft:book":12,"minecraft:oak_slab":1,"minecraft:warped_fungus":1,"minecraft:quartz":1,"minecraft:gravel":37,"minecraft:amethyst_shard":4,"minecraft:spruce_sapling":1,"minecraft:spruce_log":36,"minecraft:mossy_stone_brick_slab":1,"minecraft:spider_eye":12,"usefulbackpacks:backpack_large":1,"minecraft:leather_helmet":2,"minecraft:slime_ball":2,"minecraft:iron_helmet":2,"minecraft:baked_potato":6,"tombstone:magic_scroll":2,"minecraft:melon_seeds":4,"minecraft:black_wool":4,"minecraft:coal":123,"minecraft:sunflower":1,"minecraft:ender_pearl":2},"minecraft:broken":{"minecraft:golden_helmet":1,"minecraft:iron_boots":1,"minecraft:iron_leggings":1,"minecraft:fishing_rod":1,"minecraft:golden_chestplate":1,"minecraft:leather_helmet":1,"minecraft:leather_chestplate":1,"minecraft:shield":2,"minecraft:iron_pickaxe":6,"minecraft:iron_helmet":1},"minecraft:mined":{"minecraft:large_amethyst_bud":1,"minecraft:stone_pressure_plate":1,"minecraft:sculk_vein":2,"minecraft:brewing_stand":1,"minecraft:obsidian":13,"minecraft:granite":16,"minecraft:grass_block":12,"minecraft:cracked_polished_blackstone_bricks":36,"minecraft:soul_soil":1,"minecraft:crimson_fungus":1,"minecraft:spawner":21,"minecraft:polished_blackstone_bricks":57,"minecraft:magma_block":42,"minecraft:glowstone":3,"minecraft:sculk_catalyst":4,"minecraft:iron_ore":44,"minecraft:cobbled_deepslate":7,"minecraft:fire":44,"minecraft:black_carpet":1,"minecraft:deepslate_lapis_ore":9,"minecraft:enchanting_table":1,"minecraft:dirt_path":3,"minecraft:iron_bars":12,"minecraft:potted_cornflower":1,"minecraft:waxed_exposed_copper":1,"minecraft:tripwire":1,"minecraft:deepslate_redstone_ore":51,"minecraft:medium_amethyst_bud":2,"minecraft:crimson_nylium":1,"minecraft:amethyst_cluster":1,"minecraft:cyan_glazed_terracotta":4,"minecraft:powder_snow":25,"minecraft:clay":2,"minecraft:torch":1,"minecraft:mossy_cobblestone_wall":1,"minecraft:spruce_wall_sign":1,"minecraft:nether_quartz_ore":1,"minecraft:cobblestone":17,"minecraft:sugar_cane":2,"minecraft:oak_planks":16,"minecraft:bricks":2,"minecraft:iron_door":1,"minecraft:skeleton_skull":1,"minecraft:light_blue_terracotta":2,"minecraft:nether_wart_block":6,"minecraft:birch_log":6,"minecraft:wheat":55,"minecraft:warped_fungus":1,"minecraft:grass":34,"minecraft:oak_log":23,"minecraft:beetroots":34,"minecraft:sand":32,"minecraft:dirt":137,"minecraft:netherrack":266,"minecraft:deepslate":53,"minecraft:oak_leaves":18,"minecraft:nether_gold_ore":11,"minecraft:tuff":2,"minecraft:mossy_cobblestone":6,"minecraft:deepslate_diamond_ore":8,"minecraft:nether_bricks":6,"minecraft:crimson_roots":1,"minecraft:spruce_leaves":9,"minecraft:hay_block":1,"minecraft:redstone_ore":1,"minecraft:heavy_weighted_pressure_plate":1,"minecraft:furnace":1,"minecraft:black_glazed_terracotta":5,"minecraft:andesite":11,"minecraft:gold_block":3,"minecraft:bell":1,"minecraft:mossy_stone_brick_stairs":2,"minecraft:bookshelf":38,"minecraft:potatoes":1,"minecraft:deepslate_iron_ore":27,"minecraft:shroomlight":1,"minecraft:vine":2,"minecraft:lantern":2,"minecraft:stone":610,"minecraft:bone_block":2,"minecraft:basalt":10,"minecraft:oak_fence":30,"minecraft:crafting_table":7,"minecraft:emerald_ore":60,"minecraft:sculk_sensor":4,"minecraft:copper_ore":10,"minecraft:tall_grass":20,"minecraft:lapis_ore":2,"minecraft:deepslate_gold_ore":18,"minecraft:polished_blackstone_brick_stairs":1,"minecraft:sculk":20,"minecraft:diorite":112,"minecraft:ice":1,"minecraft:spruce_log":37,"minecraft:bee_nest":1,"minecraft:black_wool":4,"minecraft:coal_ore":128,"minecraft:sunflower":2,"minecraft:gravel":31,"minecraft:cracked_stone_bricks":18,"minecraft:spruce_fence_gate":2,"minecraft:stone_bricks":19,"minecraft:mossy_stone_bricks":16,"minecraft:gold_ore":3},"minecraft:used":{"minecraft:beetroot":17,"minecraft:bone_block":1,"minecraft:chest":6,"minecraft:shield":257,"minecraft:iron_sword":453,"minecraft:rotten_flesh":150,"minecraft:iron_chestplate":2,"securitycraft:keypad_item":5,"minecraft:obsidian":22,"minecraft:lava_bucket":1,"minecraft:bricks":2,"minecraft:quartz_block":1,"minecraft:stone_bricks":14,"minecraft:bow":124,"minecraft:furnace":3,"minecraft:gold_block":1,"minecraft:potato":11,"minecraft:golden_boots":1,"minecraft:mossy_stone_bricks":6,"minecraft:diorite":4,"minecraft:leather_leggings":1,"minecraft:oak_planks":49,"minecraft:blackstone":2,"minecraft:golden_apple":3,"minecraft:crossbow":76,"minecraft:heavy_weighted_pressure_plate":1,"minecraft:bread":75,"tombstone:grave_key":3,"minecraft:gravel":12,"minecraft:golden_helmet":2,"minecraft:diamond_sword":1069,"minecraft:cooked_rabbit":3,"minecraft:experience_bottle":1,"minecraft:enchanting_table":2,"minecraft:flint_and_steel":7,"minecraft:spruce_planks":62,"minecraft:cooked_salmon":4,"minecraft:cooked_chicken":6,"minecraft:netherrack":158,"minecraft:torch":60,"minecraft:dirt":164,"minecraft:anvil":1,"minecraft:granite":1,"minecraft:bookshelf":42,"minecraft:iron_axe":93,"minecraft:iron_boots":2,"minecraft:basalt":7,"securitycraft:dirt_mine":5,"tombstone:gift":13,"minecraft:cooked_beef":39,"minecraft:cobbled_deepslate":20,"minecraft:golden_axe":34,"minecraft:wheat_seeds":42,"minecraft:cooked_mutton":14,"minecraft:water_bucket":20,"minecraft:bundle":1,"minecraft:baked_potato":12,"minecraft:spruce_fence_gate":2,"minecraft:cracked_stone_bricks":13,"minecraft:polished_blackstone_bricks":22,"minecraft:music_disc_cat":1,"minecraft:crafting_table":14,"tombstone:bag_of_seeds":2,"minecraft:oak_log":1,"minecraft:diamond_pickaxe":129,"minecraft:apple":26,"minecraft:diamond_shovel":171,"minecraft:cracked_polished_blackstone_bricks":22,"minecraft:iron_pickaxe":1731,"minecraft:map":2,"minecraft:fishing_rod":23,"minecraft:cobblestone":219,"minecraft:potion":3,"minecraft:cooked_porkchop":30,"minecraft:bucket":23},"minecraft:custom":{"minecraft:animals_bred":4,"minecraft:interact_with_crafting_table":172,"minecraft:open_barrel":1,"goblintraders:trade_with_goblin":59,"minecraft:bell_ring":7,"minecraft:eat_cake_slice":2,"minecraft:leave_game":13,"minecraft:time_since_death":6784,"minecraft:sprint_one_cm":1559476,"minecraft:damage_blocked_by_shield":12138,"minecraft:drop":117,"minecraft:talked_to_villager":17,"minecraft:play_time":1295448,"minecraft:deaths":10,"minecraft:jump":12238,"minecraft:interact_with_brewingstand":1,"minecraft:walk_on_water_one_cm":81902,"minecraft:enchant_item":7,"minecraft:interact_with_furnace":95,"minecraft:play_record":1,"minecraft:sleep_in_bed":12,"tombstone:sneak_grave":7,"minecraft:damage_dealt":75454,"minecraft:player_kills":1,"minecraft:crouch_one_cm":118720,"tombstone:undead_killed":223,"minecraft:interact_with_smoker":3,"minecraft:horse_one_cm":642428,"minecraft:interact_with_smithing_table":4,"minecraft:interact_with_anvil":30,"minecraft:mob_kills":489,"minecraft:climb_one_cm":8357,"minecraft:walk_one_cm":2879498,"minecraft:target_hit":2,"minecraft:strider_one_cm":47524,"minecraft:sneak_time":46831,"minecraft:walk_under_water_one_cm":56635,"minecraft:interact_with_lectern":1,"minecraft:interact_with_blast_furnace":12,"minecraft:total_world_time":1295448,"tombstone:raider_killed":54,"minecraft:tune_noteblock":13,"minecraft:raid_trigger":1,"minecraft:interact_with_grindstone":1,"minecraft:interact_with_stonecutter":2,"minecraft:time_since_rest":6529,"minecraft:damage_absorbed":40,"minecraft:damage_taken":18672,"minecraft:swim_one_cm":42941,"minecraft:fly_one_cm":1479882,"minecraft:open_chest":489,"minecraft:fall_one_cm":273063},"minecraft:crafted":{"securitycraft:mine":15,"minecraft:oak_planks":80,"minecraft:cooked_chicken":5,"usefulbackpacks:backpack_small":2,"securitycraft:wire_cutters":1,"securitycraft:keypad_item":8,"minecraft:heavy_weighted_pressure_plate":10,"minecraft:cooked_mutton":11,"minecraft:iron_bars":16,"securitycraft:laser_block":2,"minecraft:glass":30,"minecraft:bow":3,"minecraft:iron_boots":1,"tombstone:grave_key":2,"minecraft:chest":5,"minecraft:golden_boots":1,"minecraft:emerald":2,"minecraft:arrow":12,"minecraft:cooked_porkchop":26,"minecraft:crafting_table":8,"securitycraft:reinforced_stone_button":65,"minecraft:birch_planks":24,"minecraft:iron_chestplate":2,"minecraft:diamond_pickaxe":1,"minecraft:shield":2,"minecraft:stick":72,"usefulbackpacks:backpack_large":1,"minecraft:iron_ingot":102,"minecraft:iron_pickaxe":8,"minecraft:iron_block":3,"minecraft:gold_ingot":59,"securitycraft:sc_manual":1,"minecraft:shears":2,"securitycraft:universal_block_reinforcer_lvl1":1,"tombstone:book_of_disenchantment":1,"minecraft:fishing_rod":2,"minecraft:tripwire_hook":2,"minecraft:furnace":3,"minecraft:glass_pane":32,"minecraft:flint_and_steel":1,"minecraft:iron_axe":1,"minecraft:filled_map":6,"usefulbackpacks:backpack_medium":1,"minecraft:redstone_block":2,"minecraft:netherite_scrap":2,"minecraft:golden_helmet":1,"minecraft:wheat":9,"minecraft:cooked_beef":21,"minecraft:crossbow":1,"minecraft:diamond_sword":1,"minecraft:enchanting_table":1,"minecraft:iron_sword":1,"minecraft:cooked_salmon":4,"securitycraft:taser":1,"minecraft:bucket":1,"minecraft:bread":17,"minecraft:air":0,"securitycraft:reinforced_stone":65,"securitycraft:dirt_mine":6,"minecraft:white_wool":8,"minecraft:golden_apple":4,"minecraft:gold_nugget":81,"minecraft:warped_fungus_on_a_stick":1,"minecraft:flint":34,"minecraft:iron_leggings":1,"minecraft:anvil":1,"minecraft:torch":92},"minecraft:killed":{"minecraft:cave_spider":4,"minecraft:witch":3,"minecraft:spider":49,"minecraft:skeleton":82,"creeperoverhaul:dark_oak_creeper":1,"minecraft:fox":1,"minecraft:chicken":9,"minecraft:piglin_brute":7,"minecraft:tropical_fish":7,"minecraft:piglin":21,"minecraft:pig":5,"minecraft:zombie_villager":2,"minecraft:salmon":6,"minecraft:iron_golem":1,"minecraft:creeper":18,"minecraft:sheep":9,"minecraft:pillager":47,"minecraft:goat":4,"minecraft:zombie":131,"minecraft:stray":6,"minecraft:ghast":1,"minecraft:glow_squid":1,"minecraft:cow":19,"minecraft:evoker":1,"minecraft:vex":1,"minecraft:vindicator":2,"creeperoverhaul:snowy_creeper":2,"minecraft:horse":1,"minecraft:drowned":2,"minecraft:hoglin":8,"minecraft:enderman":3},"minecraft:dropped":{"minecraft:iron_sword":1,"minecraft:birch_planks":1,"minecraft:lapis_lazuli":11,"minecraft:cooked_beef":1,"minecraft:glass_bottle":3,"minecraft:crafting_table":1,"minecraft:crossbow":2,"minecraft:warped_fungus_on_a_stick":1,"minecraft:lantern":1,"minecraft:leather":8,"minecraft:mossy_stone_brick_stairs":2,"minecraft:flint":8,"minecraft:gold_block":1,"minecraft:cracked_polished_blackstone_bricks":3,"usefulbackpacks:backpack_small":2,"minecraft:gold_nugget":1,"minecraft:iron_pickaxe":5,"minecraft:gold_ingot":11,"minecraft:bone":2,"usefulbackpacks:backpack_large":1,"minecraft:crimson_fungus":1,"minecraft:golden_chestplate":7,"minecraft:cobbled_deepslate":1,"minecraft:rotten_flesh":15,"minecraft:oak_planks":2,"securitycraft:keypad_item":4,"minecraft:tipped_arrow":1,"minecraft:gunpowder":1,"minecraft:chainmail_boots":1,"minecraft:iron_bars":8,"minecraft:beef":1,"minecraft:netherrack":1,"minecraft:enchanted_book":1,"minecraft:iron_ingot":20,"minecraft:wheat_seeds":3,"minecraft:golden_helmet":1,"minecraft:golden_axe":2,"minecraft:iron_helmet":1,"minecraft:cobblestone":6,"minecraft:stick":14,"minecraft:torch":2,"securitycraft:wire_cutters":1,"minecraft:potion":1,"securitycraft:sc_manual":1,"minecraft:music_disc_cat":1,"minecraft:spruce_sapling":1,"securitycraft:mine":6,"minecraft:raw_iron":5,"minecraft:diamond_sword":1,"minecraft:potato":1,"minecraft:shroomlight":1,"minecraft:shield":2,"minecraft:stone_pressure_plate":3,"minecraft:spider_eye":1,"minecraft:bow":1}},"DataVersion":3465}