{"stats":{"minecraft:mined":{"minecraft:dark_oak_planks":1,"minecraft:large_amethyst_bud":1,"minecraft:stone_pressure_plate":4,"minecraft:sculk_vein":2,"minecraft:potted_crimson_fungus":1,"minecraft:brewing_stand":1,"minecraft:obsidian":21,"minecraft:granite":19,"minecraft:grass_block":53,"minecraft:cracked_polished_blackstone_bricks":36,"minecraft:soul_soil":1,"minecraft:crimson_fungus":1,"minecraft:chiseled_stone_bricks":1,"minecraft:spawner":76,"minecraft:polished_blackstone_bricks":58,"minecraft:magma_block":42,"minecraft:sculk_catalyst":4,"minecraft:glowstone":3,"minecraft:mossy_cobblestone_stairs":4,"minecraft:iron_ore":44,"minecraft:cobbled_deepslate":10,"minecraft:fire":47,"minecraft:black_carpet":1,"minecraft:deepslate_lapis_ore":9,"minecraft:nether_brick_stairs":5,"minecraft:enchanting_table":1,"minecraft:dirt_path":3,"minecraft:iron_bars":42,"minecraft:potted_cornflower":1,"minecraft:azalea":1,"minecraft:waxed_exposed_copper":1,"minecraft:tripwire":1,"minecraft:deepslate_redstone_ore":51,"minecraft:quartz_block":5,"minecraft:medium_amethyst_bud":2,"minecraft:crimson_nylium":1,"minecraft:amethyst_cluster":1,"minecraft:cyan_glazed_terracotta":4,"minecraft:powder_snow":25,"minecraft:clay":3,"minecraft:torch":3,"minecraft:mossy_cobblestone_wall":1,"minecraft:calcite":2,"minecraft:spruce_wall_sign":1,"minecraft:nether_quartz_ore":1,"minecraft:cobblestone":23,"minecraft:oak_planks":16,"minecraft:sugar_cane":2,"minecraft:bricks":5,"minecraft:iron_door":3,"minecraft:wall_torch":9,"minecraft:amethyst_block":2,"minecraft:skeleton_skull":1,"minecraft:light_blue_terracotta":2,"minecraft:nether_wart_block":6,"minecraft:birch_log":6,"minecraft:wheat":55,"minecraft:warped_fungus":1,"minecraft:stone_brick_stairs":13,"minecraft:infested_mossy_stone_bricks":3,"minecraft:grass":37,"minecraft:oak_log":23,"minecraft:beetroots":34,"minecraft:sand":32,"minecraft:dirt":138,"minecraft:smooth_basalt":6,"minecraft:netherrack":269,"minecraft:deepslate":116,"minecraft:oak_leaves":18,"minecraft:nether_gold_ore":11,"minecraft:diamond_ore":1,"minecraft:tuff":2,"minecraft:mossy_cobblestone":50,"minecraft:dark_oak_leaves":3,"minecraft:deepslate_diamond_ore":19,"minecraft:dark_oak_log":11,"minecraft:nether_bricks":15,"minecraft:glow_lichen":1,"minecraft:dark_oak_fence":3,"minecraft:crimson_roots":1,"minecraft:spruce_leaves":9,"minecraft:hay_block":1,"minecraft:redstone_ore":1,"minecraft:heavy_weighted_pressure_plate":1,"minecraft:furnace":1,"minecraft:black_glazed_terracotta":5,"minecraft:andesite":11,"minecraft:gold_block":3,"minecraft:bell":1,"minecraft:mossy_stone_brick_stairs":8,"minecraft:bookshelf":39,"minecraft:shroomlight":1,"minecraft:potatoes":1,"minecraft:deepslate_iron_ore":27,"minecraft:vine":17,"minecraft:lantern":2,"minecraft:stone":661,"minecraft:bone_block":2,"minecraft:infested_stone_bricks":1,"minecraft:basalt":10,"minecraft:oak_fence":34,"minecraft:crafting_table":8,"minecraft:emerald_ore":60,"minecraft:sculk_sensor":4,"minecraft:copper_ore":10,"minecraft:tall_grass":20,"minecraft:lapis_ore":2,"minecraft:deepslate_gold_ore":18,"minecraft:polished_blackstone_brick_stairs":1,"minecraft:sculk":20,"minecraft:diorite":122,"minecraft:ice":1,"minecraft:spruce_log":37,"minecraft:bee_nest":1,"minecraft:black_wool":4,"minecraft:coal_ore":152,"minecraft:pitcher_crop":1,"minecraft:sunflower":2,"minecraft:gravel":69,"minecraft:cracked_stone_bricks":38,"minecraft:spruce_fence_gate":2,"minecraft:stone_bricks":33,"minecraft:mossy_stone_bricks":48,"minecraft:gold_ore":3,"minecraft:infested_stone":2},"minecraft:broken":{"minecraft:golden_helmet":1,"minecraft:iron_boots":2,"minecraft:iron_chestplate":2,"minecraft:iron_leggings":2,"minecraft:iron_sword":1,"minecraft:fishing_rod":1,"minecraft:golden_chestplate":1,"minecraft:leather_helmet":1,"minecraft:leather_chestplate":1,"minecraft:shield":2,"minecraft:iron_pickaxe":8,"minecraft:iron_helmet":3},"minecraft:picked_up":{"minecraft:iron_chestplate":4,"minecraft:wheat":53,"minecraft:black_carpet":4,"securitycraft:keypad_item":1,"minecraft:chainmail_boots":1,"minecraft:flower_pot":2,"minecraft:diamond_sword":2,"minecraft:potion":4,"minecraft:golden_shovel":1,"minecraft:nether_brick":13,"minecraft:stone_brick_stairs":11,"minecraft:brewing_stand":1,"minecraft:amethyst_block":2,"minecraft:music_disc_cat":1,"minecraft:string":73,"minecraft:soul_soil":1,"minecraft:raw_copper":8,"minecraft:shroomlight":2,"minecraft:beetroot":32,"minecraft:cobbled_deepslate":98,"minecraft:gold_nugget":59,"securitycraft:wire_cutters":1,"minecraft:bucket":1,"minecraft:black_glazed_terracotta":5,"minecraft:calcite":3,"minecraft:azalea":1,"minecraft:iron_pickaxe":3,"minecraft:furnace":1,"minecraft:tipped_arrow":7,"minecraft:stick":3,"minecraft:oak_fence":23,"minecraft:torch":71,"minecraft:porkchop":40,"minecraft:golden_axe":2,"tombstone:grave_dust":54,"minecraft:diorite":92,"minecraft:golden_chestplate":9,"minecraft:quartz_block":5,"minecraft:stone_sword":1,"minecraft:rotten_flesh":256,"minecraft:tropical_fish":9,"minecraft:bookshelf":54,"minecraft:obsidian":23,"minecraft:iron_bars":45,"minecraft:cobblestone":695,"minecraft:birch_log":6,"minecraft:enchanting_table":2,"minecraft:magma_block":42,"minecraft:leather_chestplate":3,"minecraft:feather":23,"minecraft:cooked_beef":8,"minecraft:iron_door":4,"minecraft:andesite":12,"minecraft:orange_carpet":4,"minecraft:golden_leggings":3,"minecraft:potato":7,"minecraft:flint":9,"minecraft:tuff":2,"minecraft:map":2,"minecraft:lapis_lazuli":130,"minecraft:dirt":314,"minecraft:lantern":2,"minecraft:leather_boots":1,"minecraft:bone":113,"minecraft:bow":6,"minecraft:wheat_seeds":149,"minecraft:raw_gold":21,"minecraft:bell":1,"minecraft:mossy_stone_bricks":27,"minecraft:glowstone_dust":11,"minecraft:oak_planks":10,"minecraft:waxed_exposed_copper":1,"minecraft:mossy_stone_brick_stairs":5,"securitycraft:mine":3,"minecraft:cooked_porkchop":3,"minecraft:sand":30,"minecraft:dark_oak_log":20,"minecraft:mossy_cobblestone":28,"minecraft:bundle":4,"minecraft:spruce_fence_gate":2,"minecraft:blue_terracotta":1,"minecraft:sugar":3,"minecraft:light_blue_terracotta":1,"minecraft:diamond":26,"minecraft:cracked_polished_blackstone_bricks":25,"minecraft:crossbow":4,"minecraft:granite":13,"minecraft:bone_meal":2,"minecraft:golden_apple":3,"minecraft:chainmail_helmet":2,"minecraft:golden_horse_armor":1,"minecraft:emerald":63,"minecraft:bread":10,"minecraft:netherrack":190,"minecraft:dark_oak_fence":3,"minecraft:bricks":5,"minecraft:crimson_roots":2,"minecraft:crafting_table":9,"minecraft:chicken":8,"minecraft:clay_ball":12,"minecraft:gold_block":3,"minecraft:shield":3,"minecraft:heavy_weighted_pressure_plate":1,"minecraft:cornflower":1,"minecraft:blackstone":2,"minecraft:cracked_stone_bricks":32,"usefulbackpacks:backpack_small":2,"minecraft:mossy_cobblestone_wall":1,"minecraft:beef":30,"minecraft:light_gray_wool":2,"minecraft:sugar_cane":4,"minecraft:chest":1,"minecraft:egg":6,"minecraft:raw_iron":70,"minecraft:stone":2,"securitycraft:reinforced_cobblestone":91,"minecraft:cyan_glazed_terracotta":4,"minecraft:polished_blackstone_bricks":43,"minecraft:carrot":3,"minecraft:redstone":232,"minecraft:stone_pressure_plate":7,"minecraft:dark_oak_planks":1,"minecraft:arrow":145,"minecraft:weeping_vines":3,"minecraft:beetroot_seeds":76,"minecraft:nether_bricks":4,"minecraft:diamond_boots":2,"minecraft:hay_block":1,"minecraft:totem_of_undying":2,"tombstone:essence_of_undeath":1,"minecraft:gold_ingot":6,"minecraft:mutton":15,"minecraft:bone_block":3,"minecraft:rail":1,"minecraft:white_wool":9,"minecraft:basalt":10,"minecraft:glow_ink_sac":4,"minecraft:salmon":4,"minecraft:leather":32,"minecraft:filled_map":1,"securitycraft:sc_manual":1,"minecraft:crimson_fungus":2,"minecraft:oak_log":23,"minecraft:golden_boots":1,"minecraft:nether_wart_block":6,"minecraft:gunpowder":46,"minecraft:white_banner":3,"tombstone:gift":2,"minecraft:cooked_mutton":3,"minecraft:apple":16,"minecraft:stone_bricks":26,"minecraft:iron_ingot":4,"minecraft:cooked_chicken":2,"minecraft:cobweb":2,"tombstone:bag_of_seeds":6,"minecraft:glass_bottle":1,"minecraft:iron_sword":4,"minecraft:book":12,"minecraft:oak_slab":1,"minecraft:smooth_basalt":8,"minecraft:warped_fungus":1,"minecraft:quartz":1,"minecraft:gravel":70,"minecraft:amethyst_shard":4,"minecraft:spruce_sapling":1,"minecraft:spruce_log":36,"minecraft:mossy_stone_brick_slab":1,"minecraft:spider_eye":28,"usefulbackpacks:backpack_large":2,"minecraft:leather_helmet":2,"minecraft:slime_ball":2,"minecraft:chainmail_leggings":1,"minecraft:iron_helmet":3,"minecraft:mossy_cobblestone_stairs":1,"minecraft:baked_potato":13,"tombstone:magic_scroll":2,"minecraft:melon_seeds":4,"minecraft:black_wool":4,"minecraft:coal":143,"minecraft:sunflower":1,"minecraft:ender_pearl":6},"minecraft:killed":{"minecraft:cave_spider":11,"minecraft:witch":3,"minecraft:spider":84,"creeperoverhaul:dripstone_creeper":1,"minecraft:skeleton":139,"creeperoverhaul:dark_oak_creeper":1,"minecraft:fox":1,"minecraft:chicken":9,"minecraft:silverfish":32,"creeperoverhaul:cave_creeper":1,"minecraft:piglin_brute":7,"minecraft:tropical_fish":8,"minecraft:piglin":21,"minecraft:pig":8,"minecraft:zombie_villager":4,"minecraft:salmon":6,"minecraft:iron_golem":1,"minecraft:creeper":33,"minecraft:sheep":10,"minecraft:pillager":48,"minecraft:goat":4,"minecraft:zombie":239,"minecraft:stray":12,"minecraft:ghast":1,"minecraft:glow_squid":1,"minecraft:cow":20,"minecraft:evoker":2,"minecraft:vex":2,"minecraft:vindicator":2,"creeperoverhaul:snowy_creeper":2,"minecraft:horse":1,"minecraft:drowned":2,"goblintraders:goblin_trader":1,"minecraft:bat":3,"minecraft:hoglin":8,"minecraft:enderman":12},"minecraft:custom":{"minecraft:animals_bred":8,"minecraft:interact_with_crafting_table":186,"minecraft:open_barrel":1,"goblintraders:trade_with_goblin":59,"minecraft:bell_ring":7,"minecraft:eat_cake_slice":6,"minecraft:leave_game":19,"minecraft:time_since_death":599208,"minecraft:sprint_one_cm":2446461,"minecraft:damage_blocked_by_shield":14462,"minecraft:drop":154,"minecraft:talked_to_villager":23,"minecraft:play_time":1887872,"minecraft:deaths":10,"minecraft:jump":15804,"minecraft:interact_with_brewingstand":1,"minecraft:walk_on_water_one_cm":156250,"minecraft:enchant_item":9,"minecraft:interact_with_furnace":121,"minecraft:play_record":2,"minecraft:traded_with_villager":1,"minecraft:interact_with_loom":1,"minecraft:sleep_in_bed":16,"tombstone:sneak_grave":7,"minecraft:damage_dealt":111089,"minecraft:player_kills":1,"minecraft:crouch_one_cm":138705,"tombstone:undead_killed":396,"minecraft:interact_with_smoker":3,"minecraft:horse_one_cm":697764,"minecraft:interact_with_smithing_table":4,"minecraft:interact_with_anvil":77,"minecraft:mob_kills":779,"tombstone:use_vanishing":1,"minecraft:climb_one_cm":22123,"minecraft:walk_one_cm":4307423,"minecraft:target_hit":3,"minecraft:strider_one_cm":47524,"minecraft:sneak_time":55491,"minecraft:walk_under_water_one_cm":146130,"minecraft:interact_with_lectern":1,"minecraft:interact_with_blast_furnace":12,"minecraft:total_world_time":1887872,"tombstone:raider_killed":56,"minecraft:tune_noteblock":14,"minecraft:raid_trigger":1,"minecraft:interact_with_grindstone":2,"minecraft:interact_with_stonecutter":2,"minecraft:time_since_rest":90509,"minecraft:damage_absorbed":684,"minecraft:damage_taken":27761,"minecraft:swim_one_cm":80213,"minecraft:fly_one_cm":1890754,"minecraft:open_chest":933,"minecraft:fall_one_cm":375194},"minecraft:dropped":{"minecraft:iron_sword":1,"minecraft:birch_planks":1,"minecraft:lapis_lazuli":11,"minecraft:cooked_beef":1,"minecraft:glass_bottle":3,"minecraft:diamond":8,"minecraft:crafting_table":1,"minecraft:crossbow":2,"minecraft:warped_fungus_on_a_stick":1,"minecraft:lantern":1,"minecraft:leather":8,"minecraft:mossy_stone_brick_stairs":2,"minecraft:flint":8,"minecraft:gold_block":1,"minecraft:cracked_polished_blackstone_bricks":3,"usefulbackpacks:backpack_small":2,"minecraft:gold_nugget":1,"minecraft:iron_pickaxe":5,"minecraft:gold_ingot":11,"minecraft:bone":2,"usefulbackpacks:backpack_large":2,"minecraft:crimson_fungus":1,"minecraft:golden_chestplate":7,"minecraft:cobbled_deepslate":1,"minecraft:rotten_flesh":15,"minecraft:oak_planks":2,"securitycraft:keypad_item":4,"minecraft:tipped_arrow":1,"minecraft:gunpowder":1,"minecraft:chainmail_boots":1,"minecraft:iron_bars":8,"minecraft:beef":1,"minecraft:netherrack":1,"minecraft:enchanted_book":1,"minecraft:iron_ingot":20,"minecraft:wheat_seeds":3,"minecraft:golden_helmet":1,"minecraft:iron_helmet":1,"minecraft:golden_axe":2,"minecraft:feather":24,"minecraft:cobblestone":6,"minecraft:stick":14,"tombstone:dust_of_vanishing":1,"minecraft:torch":4,"minecraft:diamond_helmet":1,"securitycraft:wire_cutters":1,"minecraft:potion":1,"securitycraft:sc_manual":1,"minecraft:music_disc_cat":1,"minecraft:spruce_sapling":1,"securitycraft:mine":6,"minecraft:raw_iron":5,"minecraft:filled_map":2,"minecraft:diamond_sword":1,"minecraft:potato":1,"minecraft:shroomlight":1,"minecraft:shield":2,"minecraft:stone_pressure_plate":3,"minecraft:spider_eye":1,"minecraft:bow":1},"minecraft:crafted":{"securitycraft:mine":15,"minecraft:oak_planks":80,"minecraft:cooked_chicken":9,"usefulbackpacks:backpack_small":2,"securitycraft:wire_cutters":1,"securitycraft:keypad_item":8,"minecraft:heavy_weighted_pressure_plate":10,"minecraft:cooked_mutton":21,"minecraft:iron_bars":16,"securitycraft:laser_block":2,"minecraft:glass":30,"minecraft:diamond_helmet":1,"minecraft:bow":3,"minecraft:iron_boots":1,"tombstone:grave_key":2,"minecraft:chest":5,"minecraft:golden_boots":1,"minecraft:emerald":3,"minecraft:arrow":12,"minecraft:cooked_porkchop":42,"minecraft:crafting_table":8,"securitycraft:reinforced_stone_button":65,"minecraft:birch_planks":24,"minecraft:iron_chestplate":2,"minecraft:diamond_pickaxe":1,"minecraft:shield":2,"minecraft:stick":76,"usefulbackpacks:backpack_large":1,"minecraft:iron_ingot":102,"minecraft:iron_pickaxe":9,"minecraft:iron_block":3,"minecraft:gold_ingot":59,"securitycraft:sc_manual":1,"minecraft:shears":2,"securitycraft:universal_block_reinforcer_lvl1":1,"tombstone:book_of_disenchantment":1,"minecraft:fishing_rod":2,"minecraft:tripwire_hook":2,"minecraft:furnace":6,"minecraft:glass_pane":32,"minecraft:flint_and_steel":1,"minecraft:dark_oak_fence":18,"minecraft:iron_axe":1,"minecraft:filled_map":6,"usefulbackpacks:backpack_medium":2,"minecraft:redstone_block":2,"minecraft:netherite_scrap":2,"minecraft:dark_oak_planks":88,"minecraft:golden_helmet":1,"minecraft:wheat":9,"minecraft:cooked_beef":23,"minecraft:crossbow":1,"minecraft:diamond_sword":1,"minecraft:enchanting_table":1,"minecraft:iron_sword":1,"minecraft:cooked_salmon":4,"securitycraft:taser":1,"minecraft:bucket":1,"minecraft:bread":17,"minecraft:air":0,"securitycraft:reinforced_stone":65,"securitycraft:dirt_mine":6,"minecraft:white_wool":8,"minecraft:golden_apple":13,"minecraft:gold_nugget":81,"minecraft:warped_fungus_on_a_stick":1,"minecraft:flint":34,"minecraft:iron_leggings":2,"minecraft:anvil":1,"minecraft:torch":92},"minecraft:used":{"minecraft:beetroot":17,"minecraft:bone_block":1,"minecraft:chest":6,"minecraft:shield":307,"minecraft:iron_sword":1118,"minecraft:rotten_flesh":236,"minecraft:iron_chestplate":2,"securitycraft:keypad_item":5,"minecraft:axolotl_bucket":2,"minecraft:obsidian":22,"minecraft:lava_bucket":1,"minecraft:bricks":2,"minecraft:quartz_block":1,"minecraft:music_disc_chirp":1,"minecraft:stone_bricks":14,"minecraft:bow":385,"minecraft:furnace":6,"minecraft:gold_block":1,"minecraft:egg":2,"minecraft:potato":11,"minecraft:golden_boots":1,"minecraft:mossy_stone_bricks":6,"minecraft:diorite":90,"minecraft:leather_leggings":1,"minecraft:diamond_boots":1,"minecraft:oak_planks":49,"minecraft:blackstone":2,"minecraft:golden_apple":34,"tombstone:dust_of_vanishing":1,"minecraft:crossbow":80,"minecraft:heavy_weighted_pressure_plate":1,"minecraft:bread":75,"tombstone:grave_key":3,"minecraft:gravel":14,"minecraft:golden_helmet":2,"minecraft:diamond_sword":1206,"tombstone:familiar_stone":3,"minecraft:dark_oak_fence":18,"minecraft:cooked_rabbit":8,"minecraft:experience_bottle":51,"minecraft:oak_fence":5,"minecraft:iron_bars":1,"minecraft:enchanting_table":2,"minecraft:flint_and_steel":7,"minecraft:spruce_planks":62,"minecraft:cooked_salmon":4,"minecraft:cooked_chicken":13,"minecraft:netherrack":187,"minecraft:torch":201,"minecraft:dirt":239,"minecraft:anvil":1,"minecraft:diamond_helmet":1,"minecraft:granite":1,"minecraft:dark_oak_planks":74,"minecraft:bookshelf":42,"minecraft:iron_axe":117,"minecraft:iron_boots":3,"minecraft:basalt":7,"minecraft:diamond_chestplate":1,"securitycraft:dirt_mine":5,"tombstone:gift":17,"minecraft:cooked_beef":56,"minecraft:cobbled_deepslate":49,"minecraft:golden_axe":34,"minecraft:wheat_seeds":42,"minecraft:cooked_mutton":24,"minecraft:water_bucket":41,"minecraft:bundle":1,"minecraft:baked_potato":19,"minecraft:spruce_fence_gate":2,"minecraft:cracked_stone_bricks":13,"minecraft:polished_blackstone_bricks":22,"minecraft:music_disc_cat":1,"minecraft:crafting_table":15,"tombstone:bag_of_seeds":2,"minecraft:oak_log":1,"minecraft:diamond_pickaxe":181,"minecraft:apple":27,"minecraft:diamond_shovel":248,"minecraft:cracked_polished_blackstone_bricks":22,"minecraft:iron_pickaxe":2145,"minecraft:map":2,"minecraft:fishing_rod":23,"minecraft:cobblestone":426,"minecraft:potion":6,"minecraft:cooked_porkchop":46,"minecraft:bucket":46,"minecraft:diamond_leggings":2}},"DataVersion":3465}