{"stats":{"minecraft:broken":{"minecraft:golden_helmet":2,"minecraft:iron_boots":2,"minecraft:iron_chestplate":2,"minecraft:iron_leggings":2,"minecraft:golden_leggings":1,"minecraft:iron_sword":1,"minecraft:fishing_rod":1,"minecraft:golden_chestplate":1,"minecraft:leather_helmet":1,"minecraft:leather_chestplate":1,"minecraft:shield":3,"minecraft:iron_axe":1,"minecraft:iron_pickaxe":11,"minecraft:iron_helmet":3},"minecraft:dropped":{"minecraft:iron_sword":1,"minecraft:birch_planks":1,"minecraft:lapis_lazuli":11,"minecraft:cooked_beef":1,"minecraft:glass_bottle":4,"minecraft:diamond":28,"minecraft:crafting_table":1,"minecraft:pitcher_pod":5,"minecraft:crossbow":2,"minecraft:warped_fungus_on_a_stick":1,"minecraft:lantern":1,"minecraft:leather":8,"minecraft:mossy_stone_brick_stairs":2,"minecraft:flint":8,"minecraft:gold_block":1,"minecraft:cracked_polished_blackstone_bricks":3,"usefulbackpacks:backpack_small":2,"minecraft:gold_nugget":1,"minecraft:iron_pickaxe":5,"minecraft:bone":2,"minecraft:gold_ingot":13,"usefulbackpacks:backpack_large":2,"minecraft:crimson_fungus":1,"minecraft:golden_chestplate":7,"minecraft:cobbled_deepslate":1,"minecraft:rotten_flesh":15,"minecraft:oak_planks":2,"securitycraft:keypad_item":4,"minecraft:tipped_arrow":1,"minecraft:gunpowder":1,"minecraft:beetroot_seeds":88,"minecraft:melon_seeds":11,"minecraft:chainmail_boots":1,"minecraft:iron_bars":8,"minecraft:arrow":64,"minecraft:beef":2,"minecraft:netherrack":1,"minecraft:enchanted_book":1,"minecraft:iron_ingot":20,"minecraft:wheat_seeds":5,"minecraft:golden_helmet":1,"minecraft:iron_helmet":1,"minecraft:golden_axe":2,"minecraft:feather":24,"minecraft:cobblestone":6,"minecraft:golden_apple":1,"minecraft:stick":14,"tombstone:dust_of_vanishing":1,"minecraft:torch":4,"minecraft:cooked_salmon":1,"securitycraft:wire_cutters":1,"minecraft:diamond_helmet":1,"minecraft:potion":1,"securitycraft:sc_manual":1,"minecraft:music_disc_cat":1,"minecraft:spruce_sapling":1,"securitycraft:mine":6,"minecraft:blaze_rod":1,"minecraft:cocoa_beans":7,"minecraft:raw_iron":5,"minecraft:torchflower_seeds":7,"minecraft:pumpkin_seeds":3,"minecraft:filled_map":2,"minecraft:diamond_sword":1,"minecraft:potato":1,"minecraft:shroomlight":1,"minecraft:shield":2,"minecraft:stone_pressure_plate":3,"minecraft:spider_eye":1,"minecraft:bow":1},"minecraft:killed":{"minecraft:cave_spider":17,"minecraft:witch":5,"minecraft:spider":96,"creeperoverhaul:dripstone_creeper":1,"minecraft:skeleton":203,"creeperoverhaul:dark_oak_creeper":1,"minecraft:fox":1,"minecraft:chicken":9,"minecraft:silverfish":32,"creeperoverhaul:cave_creeper":1,"minecraft:turtle":1,"minecraft:piglin_brute":7,"minecraft:tropical_fish":8,"minecraft:magma_cube":22,"minecraft:piglin":21,"minecraft:pig":8,"minecraft:zombie_villager":6,"minecraft:salmon":6,"minecraft:iron_golem":1,"minecraft:creeper":45,"minecraft:sheep":10,"minecraft:pillager":67,"minecraft:goat":4,"minecraft:zombie":323,"minecraft:ghast":2,"minecraft:stray":12,"minecraft:glow_squid":1,"minecraft:cow":54,"minecraft:blaze":48,"minecraft:evoker":2,"minecraft:vex":2,"minecraft:endermite":1,"minecraft:vindicator":2,"minecraft:phantom":1,"creeperoverhaul:snowy_creeper":2,"minecraft:horse":1,"minecraft:drowned":10,"goblintraders:goblin_trader":1,"minecraft:bat":3,"minecraft:hoglin":13,"minecraft:wither_skeleton":24,"minecraft:enderman":22},"minecraft:used":{"minecraft:beetroot":17,"minecraft:spruce_slab":1,"minecraft:bone_block":1,"minecraft:shield":405,"minecraft:chest":6,"minecraft:iron_sword":1310,"minecraft:rotten_flesh":312,"minecraft:sculk_sensor":1,"minecraft:iron_chestplate":2,"securitycraft:keypad_item":5,"minecraft:axolotl_bucket":2,"minecraft:obsidian":33,"minecraft:lava_bucket":3,"minecraft:bricks":2,"minecraft:quartz_block":1,"minecraft:music_disc_chirp":1,"minecraft:stone_bricks":16,"minecraft:bow":631,"minecraft:furnace":8,"minecraft:cooked_cod":1,"minecraft:gold_block":1,"minecraft:egg":2,"minecraft:potato":19,"minecraft:golden_boots":1,"minecraft:mossy_stone_bricks":6,"minecraft:diorite":90,"minecraft:leather_leggings":1,"minecraft:diamond_boots":1,"minecraft:oak_planks":49,"minecraft:ender_pearl":10,"minecraft:blackstone":2,"minecraft:sandstone":11,"minecraft:golden_apple":49,"tombstone:dust_of_vanishing":1,"minecraft:crossbow":80,"minecraft:heavy_weighted_pressure_plate":1,"minecraft:bread":75,"tombstone:grave_key":3,"minecraft:gravel":45,"minecraft:golden_helmet":2,"minecraft:diamond_sword":1736,"tombstone:familiar_stone":3,"minecraft:dark_oak_fence":18,"minecraft:cooked_rabbit":8,"minecraft:oak_fence":5,"minecraft:experience_bottle":51,"minecraft:iron_bars":8,"minecraft:enchanting_table":2,"minecraft:flint_and_steel":15,"minecraft:tropical_fish":2,"minecraft:spruce_planks":62,"minecraft:sculk":7,"minecraft:cooked_salmon":6,"minecraft:cooked_chicken":13,"minecraft:netherrack":276,"minecraft:torch":266,"minecraft:dirt":241,"minecraft:anvil":1,"minecraft:diamond_helmet":1,"minecraft:golden_shovel":24,"minecraft:granite":1,"tombstone:decorative_tombstone":1,"minecraft:birch_door":4,"minecraft:dark_oak_planks":96,"tombstone:ankh_of_pray":25,"minecraft:bookshelf":42,"minecraft:iron_axe":194,"minecraft:iron_boots":3,"minecraft:diamond_chestplate":1,"minecraft:basalt":73,"securitycraft:dirt_mine":6,"tombstone:gift":23,"minecraft:cooked_beef":101,"minecraft:cobbled_deepslate":88,"minecraft:golden_axe":34,"minecraft:wheat_seeds":42,"minecraft:cooked_mutton":24,"minecraft:water_bucket":73,"minecraft:birch_planks":31,"minecraft:glass_bottle":2,"minecraft:bundle":1,"minecraft:baked_potato":19,"minecraft:birch_boat":3,"minecraft:spruce_fence_gate":2,"minecraft:cracked_stone_bricks":13,"minecraft:polished_blackstone_bricks":22,"minecraft:music_disc_cat":1,"minecraft:tnt":2,"minecraft:crafting_table":21,"disenchanting:disenchanter":1,"tombstone:bag_of_seeds":12,"minecraft:oak_log":1,"minecraft:diamond_pickaxe":528,"minecraft:apple":38,"minecraft:diamond_shovel":435,"minecraft:cracked_polished_blackstone_bricks":22,"minecraft:iron_pickaxe":2775,"minecraft:map":2,"minecraft:fishing_rod":23,"minecraft:cobblestone":506,"minecraft:potion":11,"minecraft:cooked_porkchop":47,"minecraft:bucket":80,"minecraft:diamond_leggings":2,"minecraft:sculk_catalyst":1},"minecraft:crafted":{"securitycraft:mine":15,"minecraft:oak_planks":80,"minecraft:cooked_chicken":9,"minecraft:birch_boat":3,"usefulbackpacks:backpack_small":2,"securitycraft:wire_cutters":1,"minecraft:stone":6,"tombstone:decorative_tombstone":1,"securitycraft:keypad_item":8,"minecraft:heavy_weighted_pressure_plate":10,"minecraft:cooked_mutton":21,"minecraft:iron_bars":16,"minecraft:warped_planks":12,"securitycraft:laser_block":2,"minecraft:glass":30,"minecraft:diamond_helmet":1,"minecraft:bow":3,"minecraft:iron_boots":1,"tombstone:grave_key":2,"minecraft:chest":5,"minecraft:birch_door":9,"minecraft:golden_boots":1,"tombstone:green_marble":6,"minecraft:arrow":12,"minecraft:emerald":3,"minecraft:cooked_porkchop":42,"minecraft:crafting_table":10,"securitycraft:reinforced_stone_button":65,"minecraft:birch_planks":24,"minecraft:iron_chestplate":2,"minecraft:diamond_pickaxe":1,"minecraft:shield":2,"minecraft:stick":100,"usefulbackpacks:backpack_large":1,"minecraft:iron_ingot":102,"minecraft:iron_pickaxe":13,"minecraft:iron_block":6,"disenchanting:disenchanter":1,"minecraft:gold_ingot":59,"securitycraft:sc_manual":1,"minecraft:shears":2,"securitycraft:universal_block_reinforcer_lvl1":1,"tombstone:book_of_disenchantment":1,"minecraft:fishing_rod":2,"minecraft:tripwire_hook":2,"minecraft:furnace":8,"minecraft:bone_meal":66,"minecraft:glass_pane":32,"minecraft:flint_and_steel":1,"minecraft:dark_oak_fence":18,"minecraft:iron_axe":1,"minecraft:filled_map":6,"usefulbackpacks:backpack_medium":2,"minecraft:redstone_block":2,"minecraft:netherite_scrap":2,"minecraft:dark_oak_planks":88,"minecraft:golden_helmet":1,"minecraft:wheat":45,"minecraft:cooked_beef":68,"minecraft:crossbow":1,"minecraft:diamond_sword":1,"minecraft:enchanting_table":1,"minecraft:iron_sword":1,"minecraft:cooked_salmon":4,"tombstone:ankh_of_pray":1,"securitycraft:taser":1,"minecraft:bucket":1,"minecraft:bread":17,"minecraft:air":0,"securitycraft:reinforced_stone":65,"securitycraft:dirt_mine":6,"minecraft:white_wool":8,"minecraft:golden_apple":13,"minecraft:gold_nugget":81,"minecraft:warped_fungus_on_a_stick":1,"minecraft:flint":34,"minecraft:iron_leggings":2,"minecraft:anvil":2,"minecraft:torch":132},"minecraft:mined":{"minecraft:dark_oak_planks":1,"minecraft:large_amethyst_bud":1,"minecraft:spruce_planks":2,"minecraft:stone_pressure_plate":4,"minecraft:sculk_vein":3,"minecraft:potted_crimson_fungus":1,"minecraft:brewing_stand":1,"minecraft:obsidian":22,"minecraft:granite":20,"minecraft:grass_block":60,"minecraft:cracked_polished_blackstone_bricks":36,"minecraft:soul_soil":1,"minecraft:crimson_fungus":10,"minecraft:nether_wart":40,"minecraft:chiseled_stone_bricks":1,"minecraft:spawner":79,"minecraft:polished_blackstone_bricks":58,"minecraft:raw_iron_block":1,"minecraft:magma_block":75,"minecraft:sculk_catalyst":6,"minecraft:glowstone":3,"minecraft:mossy_cobblestone_stairs":4,"minecraft:iron_ore":44,"minecraft:fire":61,"minecraft:cobbled_deepslate":10,"minecraft:black_carpet":1,"minecraft:deepslate_lapis_ore":9,"minecraft:nether_brick_stairs":5,"minecraft:enchanting_table":1,"minecraft:dirt_path":3,"minecraft:oak_stairs":1,"minecraft:iron_bars":60,"minecraft:potted_cornflower":1,"minecraft:azalea":1,"minecraft:waxed_exposed_copper":1,"minecraft:spruce_slab":1,"minecraft:tripwire":1,"minecraft:deepslate_redstone_ore":51,"minecraft:quartz_block":5,"minecraft:blackstone":12,"minecraft:kelp_plant":4,"minecraft:medium_amethyst_bud":2,"minecraft:crimson_nylium":4,"minecraft:amethyst_cluster":1,"minecraft:powder_snow":25,"minecraft:cyan_glazed_terracotta":4,"minecraft:clay":3,"minecraft:torch":3,"minecraft:mossy_cobblestone_wall":1,"minecraft:calcite":2,"minecraft:spruce_wall_sign":1,"minecraft:nether_quartz_ore":6,"minecraft:cobblestone":39,"minecraft:oak_planks":16,"minecraft:sugar_cane":2,"minecraft:bricks":5,"minecraft:iron_door":3,"minecraft:wall_torch":14,"minecraft:amethyst_block":2,"minecraft:skeleton_skull":2,"minecraft:seagrass":1,"minecraft:light_blue_terracotta":2,"minecraft:repeater":5,"minecraft:warped_nylium":4,"minecraft:nether_wart_block":7,"minecraft:birch_log":6,"minecraft:wheat":55,"minecraft:warped_fungus":8,"minecraft:stone_brick_stairs":13,"minecraft:infested_mossy_stone_bricks":3,"minecraft:grass":47,"minecraft:oak_log":23,"minecraft:beetroots":34,"minecraft:sand":232,"minecraft:dirt":138,"minecraft:smooth_basalt":6,"minecraft:netherrack":843,"minecraft:deepslate":130,"minecraft:oak_leaves":18,"minecraft:nether_gold_ore":14,"minecraft:dark_prismarine":1,"minecraft:diamond_ore":1,"minecraft:tuff":7,"minecraft:mossy_cobblestone":50,"minecraft:dark_oak_leaves":3,"minecraft:deepslate_diamond_ore":48,"minecraft:dark_oak_log":11,"minecraft:nether_bricks":15,"minecraft:glow_lichen":1,"minecraft:dark_oak_fence":3,"minecraft:crimson_roots":4,"minecraft:redstone_wire":17,"minecraft:spruce_leaves":9,"minecraft:kelp":3,"minecraft:sandstone":47,"minecraft:hay_block":5,"minecraft:redstone_ore":1,"minecraft:heavy_weighted_pressure_plate":1,"minecraft:furnace":1,"minecraft:black_glazed_terracotta":5,"minecraft:andesite":11,"minecraft:gold_block":3,"minecraft:bell":1,"minecraft:mossy_stone_brick_stairs":8,"minecraft:bookshelf":39,"minecraft:shroomlight":1,"minecraft:potatoes":1,"minecraft:deepslate_iron_ore":27,"minecraft:vine":17,"minecraft:warped_stem":3,"minecraft:lantern":2,"minecraft:stone":755,"minecraft:bone_block":2,"minecraft:oak_slab":2,"minecraft:infested_stone_bricks":1,"minecraft:basalt":15,"minecraft:oak_fence":34,"minecraft:crafting_table":12,"minecraft:cornflower":1,"minecraft:emerald_ore":60,"minecraft:warped_roots":3,"minecraft:sculk_sensor":15,"minecraft:copper_ore":11,"minecraft:tall_grass":21,"minecraft:lapis_ore":2,"minecraft:deepslate_gold_ore":18,"minecraft:polished_blackstone_brick_stairs":1,"minecraft:sculk":33,"minecraft:diorite":134,"minecraft:prismarine_bricks":36,"minecraft:birch_planks":19,"minecraft:ice":1,"minecraft:spruce_log":37,"minecraft:birch_leaves":4,"minecraft:dark_prismarine_slab":1,"minecraft:bee_nest":1,"minecraft:black_wool":4,"minecraft:coal_ore":157,"minecraft:pitcher_crop":1,"minecraft:sunflower":2,"minecraft:gravel":90,"minecraft:cobweb":6,"minecraft:cracked_stone_bricks":39,"minecraft:polished_andesite":4,"minecraft:spruce_fence_gate":2,"minecraft:stone_bricks":35,"minecraft:mossy_stone_bricks":48,"minecraft:gold_ore":3,"minecraft:infested_stone":2},"minecraft:picked_up":{"minecraft:iron_chestplate":5,"minecraft:wheat":57,"minecraft:black_carpet":4,"securitycraft:keypad_item":1,"minecraft:chainmail_boots":1,"minecraft:flower_pot":2,"minecraft:diamond_sword":2,"minecraft:oak_stairs":1,"minecraft:enchanted_book":2,"minecraft:potion":4,"minecraft:golden_shovel":1,"minecraft:nether_brick":15,"minecraft:stone_brick_stairs":11,"minecraft:brewing_stand":1,"minecraft:amethyst_block":2,"minecraft:music_disc_cat":1,"minecraft:string":88,"minecraft:soul_soil":1,"minecraft:raw_copper":8,"minecraft:cooked_salmon":1,"minecraft:iron_leggings":1,"minecraft:shroomlight":2,"minecraft:beetroot":32,"minecraft:diamond_leggings":1,"minecraft:black_glazed_terracotta":5,"securitycraft:wire_cutters":1,"minecraft:gold_nugget":74,"minecraft:cobbled_deepslate":106,"minecraft:bucket":1,"minecraft:calcite":3,"minecraft:azalea":1,"minecraft:iron_pickaxe":3,"minecraft:iron_boots":2,"minecraft:furnace":1,"minecraft:tipped_arrow":7,"minecraft:stick":5,"minecraft:oak_fence":23,"minecraft:torch":79,"minecraft:porkchop":48,"minecraft:golden_axe":2,"tombstone:grave_dust":74,"minecraft:diorite":92,"minecraft:golden_chestplate":9,"minecraft:quartz_block":5,"minecraft:stone_sword":1,"minecraft:rotten_flesh":355,"minecraft:tropical_fish":9,"minecraft:bookshelf":54,"minecraft:blaze_rod":21,"minecraft:obsidian":26,"minecraft:iron_bars":63,"minecraft:cobblestone":792,"minecraft:birch_log":6,"minecraft:enchanting_table":2,"minecraft:magma_block":47,"minecraft:leather_chestplate":4,"minecraft:feather":23,"minecraft:cooked_beef":8,"minecraft:magma_cream":2,"minecraft:iron_door":4,"minecraft:andesite":12,"minecraft:orange_carpet":4,"minecraft:golden_leggings":5,"minecraft:potato":7,"minecraft:flint":10,"minecraft:tuff":5,"minecraft:prismarine_bricks":35,"minecraft:wither_skeleton_skull":1,"minecraft:map":2,"minecraft:lapis_lazuli":130,"minecraft:dirt":320,"minecraft:lantern":3,"minecraft:leather_boots":3,"minecraft:bone":215,"minecraft:bow":13,"minecraft:wheat_seeds":152,"minecraft:raw_gold":21,"minecraft:bell":1,"minecraft:mossy_stone_bricks":27,"minecraft:glowstone_dust":11,"minecraft:oak_planks":10,"minecraft:pitcher_pod":3,"minecraft:waxed_exposed_copper":1,"minecraft:mossy_stone_brick_stairs":5,"minecraft:ghast_tear":1,"securitycraft:mine":3,"minecraft:cooked_porkchop":3,"minecraft:sand":207,"minecraft:spectral_arrow":10,"minecraft:dark_oak_log":20,"minecraft:mossy_cobblestone":28,"minecraft:bundle":5,"minecraft:polished_andesite":4,"minecraft:spruce_fence_gate":2,"minecraft:blue_terracotta":1,"minecraft:sugar":4,"minecraft:light_blue_terracotta":1,"minecraft:diamond":74,"minecraft:cracked_polished_blackstone_bricks":25,"minecraft:crossbow":4,"minecraft:granite":13,"minecraft:bone_meal":2,"minecraft:golden_apple":3,"minecraft:chainmail_helmet":2,"minecraft:golden_horse_armor":1,"minecraft:emerald":63,"minecraft:bread":10,"minecraft:netherrack":905,"minecraft:dark_oak_fence":3,"minecraft:bricks":5,"minecraft:crimson_roots":6,"minecraft:cocoa_beans":3,"minecraft:crafting_table":13,"minecraft:chicken":8,"minecraft:nether_wart":83,"minecraft:clay_ball":12,"minecraft:leather_leggings":1,"minecraft:gold_block":3,"minecraft:shield":3,"minecraft:heavy_weighted_pressure_plate":1,"minecraft:cornflower":1,"minecraft:blackstone":16,"minecraft:cracked_stone_bricks":32,"usefulbackpacks:backpack_small":2,"minecraft:mossy_cobblestone_wall":1,"minecraft:beef":73,"minecraft:light_gray_wool":2,"minecraft:spruce_slab":1,"minecraft:sugar_cane":4,"minecraft:chest":1,"minecraft:egg":7,"minecraft:phantom_membrane":1,"minecraft:raw_iron":70,"minecraft:sandstone":32,"minecraft:stone":2,"securitycraft:reinforced_cobblestone":91,"minecraft:cyan_glazed_terracotta":4,"minecraft:polished_blackstone_bricks":43,"minecraft:carrot":3,"minecraft:redstone":232,"minecraft:stone_pressure_plate":7,"minecraft:dark_oak_planks":1,"minecraft:arrow":218,"minecraft:weeping_vines":3,"minecraft:beetroot_seeds":78,"minecraft:nether_bricks":4,"minecraft:diamond_boots":3,"minecraft:hay_block":5,"minecraft:gold_ingot":6,"tombstone:essence_of_undeath":1,"minecraft:totem_of_undying":2,"minecraft:mutton":15,"minecraft:skeleton_skull":1,"minecraft:white_wool":9,"minecraft:bone_block":3,"minecraft:rail":1,"minecraft:basalt":44,"minecraft:glow_ink_sac":4,"minecraft:salmon":4,"minecraft:leather":58,"minecraft:birch_planks":16,"minecraft:filled_map":1,"securitycraft:sc_manual":1,"minecraft:crimson_fungus":10,"minecraft:oak_log":23,"minecraft:golden_boots":1,"minecraft:nether_wart_block":8,"minecraft:gunpowder":47,"tombstone:gift":3,"minecraft:white_banner":7,"minecraft:cooked_mutton":3,"minecraft:apple":27,"minecraft:stone_bricks":28,"minecraft:warped_stem":3,"minecraft:iron_ingot":5,"minecraft:cooked_chicken":2,"minecraft:cobweb":2,"tombstone:bag_of_seeds":8,"minecraft:glass_bottle":1,"minecraft:iron_sword":4,"minecraft:book":12,"minecraft:sculk_catalyst":1,"minecraft:oak_slab":3,"minecraft:smooth_basalt":8,"minecraft:warped_fungus":9,"minecraft:birch_boat":1,"minecraft:sculk":7,"minecraft:quartz":16,"minecraft:raw_iron_block":1,"minecraft:torchflower_seeds":6,"minecraft:gravel":110,"minecraft:amethyst_shard":4,"minecraft:spruce_sapling":1,"minecraft:spruce_log":36,"minecraft:crying_obsidian":1,"minecraft:mossy_stone_brick_slab":1,"minecraft:spider_eye":33,"usefulbackpacks:backpack_large":2,"minecraft:leather_helmet":3,"minecraft:sculk_sensor":1,"minecraft:slime_ball":2,"minecraft:chainmail_leggings":1,"minecraft:iron_helmet":3,"minecraft:mossy_cobblestone_stairs":1,"minecraft:warped_roots":4,"minecraft:baked_potato":13,"tombstone:magic_scroll":3,"minecraft:melon_seeds":5,"minecraft:black_wool":4,"minecraft:coal":152,"minecraft:sunflower":1,"minecraft:ender_pearl":21},"minecraft:custom":{"minecraft:animals_bred":34,"minecraft:interact_with_crafting_table":205,"minecraft:open_barrel":9,"goblintraders:trade_with_goblin":59,"minecraft:bell_ring":20,"minecraft:eat_cake_slice":9,"minecraft:leave_game":25,"minecraft:time_since_death":284741,"minecraft:sprint_one_cm":3447160,"minecraft:damage_blocked_by_shield":18952,"minecraft:drop":171,"minecraft:talked_to_villager":25,"minecraft:play_time":2541080,"minecraft:deaths":11,"minecraft:jump":21883,"minecraft:interact_with_brewingstand":1,"minecraft:walk_on_water_one_cm":204424,"minecraft:enchant_item":9,"minecraft:interact_with_furnace":154,"minecraft:play_record":2,"minecraft:traded_with_villager":1,"minecraft:interact_with_cartography_table":1,"minecraft:interact_with_loom":1,"minecraft:sleep_in_bed":22,"tombstone:sneak_grave":7,"minecraft:damage_dealt":157486,"minecraft:player_kills":1,"tombstone:pray_of_protection":1,"minecraft:crouch_one_cm":177349,"tombstone:undead_killed":579,"minecraft:interact_with_smoker":4,"minecraft:horse_one_cm":706582,"minecraft:interact_with_smithing_table":5,"minecraft:interact_with_anvil":82,"minecraft:mob_kills":1142,"tombstone:use_vanishing":1,"minecraft:climb_one_cm":25303,"minecraft:walk_one_cm":5747096,"minecraft:target_hit":3,"minecraft:strider_one_cm":47524,"minecraft:sneak_time":70695,"minecraft:walk_under_water_one_cm":256046,"minecraft:boat_one_cm":221049,"minecraft:interact_with_lectern":19,"minecraft:interact_with_blast_furnace":12,"minecraft:total_world_time":2541080,"tombstone:raider_killed":84,"minecraft:tune_noteblock":14,"minecraft:raid_trigger":3,"minecraft:interact_with_grindstone":2,"minecraft:interact_with_stonecutter":2,"minecraft:time_since_rest":92970,"minecraft:damage_absorbed":1083,"minecraft:damage_taken":34717,"minecraft:trigger_trapped_chest":16,"minecraft:swim_one_cm":208231,"minecraft:fly_one_cm":2744181,"minecraft:open_chest":1087,"minecraft:fall_one_cm":510547}},"DataVersion":3465}